Benchmark,baseline,z3,cvc4,cvc5,andy_default,andy_strings,seqArray,seqArray_array
_1_TransactionFee_add_txn_fee_currency_verify_instantiated_0,43,31,unknown,unknown,135,134,133,234
_1_DiemTimestamp_update_global_time_verify,53,37,unknown,unknown,184,184,188,390
_1_TransactionFee_pay_fee_verify_instantiated_0,42,34,unknown,unknown,201,199,195,334
_1_TransactionFee_burn_fees_verify_instantiated_0,94,126,unknown,unknown,712,739,728,1401
_1_TransactionFee_is_coin_initialized_verify_instantiated_0,32,28,unknown,unknown,148,148,153,208
_1_Genesis_initialize_internal_verify,319,timeout,unknown,unknown,2259,2208,2263,2204
_1_TransactionFee_is_coin_initialized_verify,42,31,unknown,unknown,141,148,149,207
_1_TransactionFee_pay_fee_verify,45,36,unknown,unknown,191,187,189,299
_1_TransactionFee_initialize_verify,49,35,unknown,unknown,169,175,184,328
_1_TransactionFee_burn_fees_verify_instantiated_1,64,56,unknown,unknown,232,237,240,523
_1_TransactionFee_add_txn_fee_currency_verify_instantiated_1,39,28,unknown,unknown,114,114,121,208
_1_TransactionFee_add_txn_fee_currency_verify,42,26,unknown,unknown,114,111,111,205
_1_TransactionFee_burn_fees_verify,101,109,unknown,unknown,687,665,682,1390
_1_TransactionFee_is_initialized_verify,43,31,unknown,unknown,148,145,152,208
_1_DiemAccount_create_validator_operator_account_verify,70,116,unknown,unknown,470,467,469,707
_1_DiemConfig_set_with_capability_and_reconfigure_verify_instantiated_2,65,58,unknown,unknown,370,364,369,901
_1_DiemAccount_create_diem_root_account_verify,68,82,unknown,unknown,1004,1000,995,1757
_1_DiemConfig_publish_new_config_and_get_capability_verify,52,39,unknown,unknown,227,216,229,542
_1_DiemConfig_set_verify,55,38,unknown,unknown,211,213,212,572
_1_DiemConfig_publish_new_config_and_get_capability_verify_instantiated_3,58,38,unknown,unknown,228,231,231,560
_1_DiemConfig_set_verify_instantiated_0,57,41,unknown,unknown,219,217,215,600
_1_DiemConfig_publish_new_config_and_get_capability_verify_instantiated_0,57,39,unknown,unknown,228,226,225,585
_1_DiemConfig_set_with_capability_and_reconfigure_verify_instantiated_0,61,51,unknown,unknown,344,342,340,942
_1_DiemConfig_publish_new_config_verify_instantiated_1,53,37,unknown,unknown,227,227,224,557
_1_DiemConfig_set_with_capability_and_reconfigure_verify,63,47,unknown,unknown,333,335,340,733
_1_DiemAccount_create_treasury_compliance_account_verify,82,172,unknown,unknown,963,968,969,1523
_1_DiemAccount_create_child_vasp_account_verify_instantiated_0,145,337,unknown,unknown,2330,2259,2340,6877
_1_DiemConfig_publish_new_config_verify,55,36,unknown,unknown,218,225,223,556
_1_DiemConfig_set_with_capability_and_reconfigure_verify_instantiated_3,56,47,unknown,unknown,343,345,345,741
_1_DiemAccount_create_designated_dealer_verify_instantiated_1,180,734,unknown,unknown,2148,2206,2198,4895
_1_DiemConfig_publish_new_config_verify_instantiated_0,56,40,unknown,unknown,223,225,233,563
_1_DiemConsensusConfig_set_verify,51,49,unknown,unknown,444,462,446,477
_1_DiemAccount_create_child_vasp_account_verify,171,495,unknown,unknown,2410,2296,2408,7034
_1_DiemAccount_create_designated_dealer_verify_instantiated_0,156,795,unknown,unknown,1864,1874,1864,4600
_1_DiemAccount_create_validator_account_verify,81,360,unknown,unknown,1115,1116,1121,2855
_1_DiemConfig_publish_new_config_and_get_capability_verify_instantiated_1,52,41,unknown,unknown,224,228,228,555
_1_DiemConfig_set_verify_instantiated_3,54,40,unknown,unknown,225,229,227,566
_1_DiemAccount_create_parent_vasp_account_verify_instantiated_1,153,908,unknown,unknown,3094,3028,3052,8488
_1_DiemConsensusConfig_initialize_verify,47,49,unknown,unknown,432,439,438,463
_1_DiemConfig_publish_new_config_verify_instantiated_2,53,43,unknown,unknown,219,226,232,579
_1_DiemAccount_create_designated_dealer_verify,173,838,unknown,unknown,2475,2355,2484,7354
_1_DiemConfig_publish_new_config_and_get_capability_verify_instantiated_2,57,40,unknown,unknown,229,228,229,555
_1_DiemConfig_set_verify_instantiated_2,59,54,unknown,unknown,226,223,226,577
_1_DiemAccount_create_parent_vasp_account_verify_instantiated_0,135,358,unknown,unknown,2933,2948,3070,8496
_1_DiemConfig_publish_new_config_verify_instantiated_3,55,39,unknown,unknown,227,232,226,563
_1_DiemAccount_create_parent_vasp_account_verify,144,439,unknown,unknown,2861,2806,2958,8200
_1_DiemAccount_create_child_vasp_account_verify_instantiated_1,150,462,unknown,unknown,2285,2385,2380,6905
_1_DiemConfig_set_with_capability_and_reconfigure_verify_instantiated_1,60,46,unknown,unknown,342,346,338,766
_1_DiemConfig_set_verify_instantiated_1,52,40,unknown,unknown,217,220,218,576
_1_DiemTimestamp_assert_operating_verify,41,27,unknown,unknown,96,90,97,206
_1_DiemTimestamp_now_seconds_verify,41,30,unknown,unknown,114,114,115,214
_1_DiemTimestamp_is_operating_verify,43,26,unknown,unknown,97,94,97,200
_1_DiemTimestamp_now_microseconds_verify,41,30,unknown,unknown,110,111,112,209
_1_DiemTimestamp_assert_genesis_verify,41,27,unknown,unknown,98,98,99,204
_1_DiemTimestamp_set_time_has_started_verify,40,30,unknown,unknown,130,125,126,273
_1_DiemTimestamp_is_genesis_verify,41,31,unknown,unknown,96,97,94,198
_1_RecoveryAddress_rotate_authentication_key_verify,72,timeout,unknown,unknown,426,419,430,660
_1_VASP_publish_child_vasp_credential_verify,49,40,unknown,unknown,189,190,187,290
_1_RecoveryAddress_add_rotation_capability_verify,42,timeout,unknown,unknown,369,361,370,974
_1_VASP_publish_parent_vasp_credential_verify,34,30,unknown,unknown,114,116,113,160
_1_RecoveryAddress_publish_verify,41,98,unknown,unknown,164,168,168,274
_1_NetworkIdentity_get_verify,37,30,unknown,unknown,99,94,98,373
_1_NetworkIdentity_add_members_internal_verify,313,timeout,unknown,unknown,timeout,timeout,timeout,unknown
_1_NetworkIdentity_remove_identities_verify,94,not found,not found,not found,not found,not found,not found,timeout
_1_NetworkIdentity_tc_network_identity_event_handle_exists_verify,30,not found,not found,not found,not found,not found,not found,124
_1_NetworkIdentity_initialize_network_identity_verify,43,not found,not found,not found,not found,not found,not found,363
_1_NetworkIdentity_initialize_network_identity_event_handle_verify,41,not found,not found,not found,not found,not found,not found,191
_1_AccountLimits_update_window_info_verify_instantiated_0,55,48,unknown,unknown,464,454,462,709
_1_Roles_grant_role_verify,62,47,unknown,unknown,365,358,363,910
_1_AccountLimits_has_window_published_verify,38,27,unknown,unknown,100,109,108,186
_1_AccountLimits_grant_mutation_capability_verify,41,33,unknown,unknown,128,132,128,199
_1_AccountLimits_update_limits_definition_verify,61,50,unknown,unknown,371,376,370,677
_1_AccountLimits_update_withdrawal_limits_verify_instantiated_1,47,49,unknown,unknown,352,344,353,493
_1_AccountLimits_can_receive_and_update_window_verify_instantiated_0,57,44,unknown,unknown,263,257,261,531
_1_AccountLimits_can_withdraw_and_update_window_verify,52,46,unknown,unknown,311,317,314,654
_1_AccountLimits_can_receive_and_update_window_verify_instantiated_1,55,45,unknown,unknown,263,258,262,524
_1_AccountLimits_can_receive_and_update_window_verify,56,41,unknown,unknown,251,256,255,538
_1_AccountLimits_can_withdraw_and_update_window_verify_instantiated_0,52,40,unknown,unknown,321,323,325,654
_1_AccountLimits_update_window_info_verify,55,45,unknown,unknown,363,367,365,633
_1_AccountLimits_update_withdrawal_limits_verify_instantiated_0,55,45,unknown,unknown,353,346,348,612
_1_AccountLimits_update_deposit_limits_verify_instantiated_0,60,52,unknown,unknown,299,296,299,526
_1_AccountLimits_update_limits_definition_verify_instantiated_0,66,52,unknown,unknown,423,421,426,742
_1_AccountLimits_update_window_info_verify_instantiated_1,64,47,unknown,unknown,462,464,455,718
_1_AccountLimits_limits_definition_address_verify,37,26,unknown,unknown,110,111,109,181
_1_AccountLimits_update_limits_definition_verify_instantiated_1,66,55,unknown,unknown,418,419,417,766
_1_AccountLimits_current_time_verify,41,29,unknown,unknown,87,93,91,185
_1_AccountLimits_update_withdrawal_limits_verify,57,43,unknown,unknown,345,345,346,597
_1_AccountLimits_publish_window_verify,51,40,unknown,unknown,259,264,257,489
_1_AccountLimits_has_limits_published_verify,39,27,unknown,unknown,105,110,106,180
_1_AccountLimits_can_withdraw_and_update_window_verify_instantiated_1,47,43,unknown,unknown,326,320,321,634
_1_AccountLimits_has_limits_published_verify_instantiated_1,46,32,unknown,unknown,110,101,116,186
_1_AccountLimits_is_unrestricted_verify,41,28,unknown,unknown,113,112,115,195
_1_AccountLimits_reset_window_verify,43,32,unknown,unknown,196,194,195,407
_1_AccountLimits_update_deposit_limits_verify_instantiated_1,61,49,unknown,unknown,310,326,303,526
_1_AccountLimits_has_limits_published_verify_instantiated_0,40,25,unknown,unknown,107,109,107,182
_1_AccountLimits_publish_window_verify_instantiated_1,53,40,unknown,unknown,257,258,259,481
_1_AccountLimits_publish_window_verify_instantiated_0,51,41,unknown,unknown,256,261,257,491
_1_AccountLimits_update_deposit_limits_verify,58,44,unknown,unknown,290,295,301,542
_1_DualAttestation_assert_signature_is_valid_verify,49,34,unknown,unknown,131,133,130,493
_1_DualAttestation_dual_attestation_required_verify_instantiated_1,44,34,unknown,unknown,143,139,138,227
_1_DualAttestation_rotate_compliance_public_key_verify,70,59,unknown,unknown,533,534,527,6194
_1_DualAttestation_expiration_date_verify,41,30,unknown,unknown,131,131,127,222
_1_DualAttestation_compliance_public_key_verify,52,32,unknown,unknown,122,127,120,382
_1_DualAttestation_credential_address_verify,43,31,unknown,unknown,118,125,125,213
_1_DualAttestation_human_name_verify,45,32,unknown,unknown,120,118,116,386
_1_DualAttestation_initialize_verify,48,37,unknown,unknown,182,179,180,448
_1_DualAttestation_assert_payment_ok_verify_instantiated_0,48,37,unknown,unknown,140,146,146,239
_1_DualAttestation_dual_attestation_message_verify,41,28,unknown,unknown,122,118,121,208
_1_DualAttestation_dual_attestation_required_verify_instantiated_0,48,34,unknown,unknown,139,140,137,234
_1_DualAttestation_publish_credential_verify,46,39,unknown,unknown,223,224,222,533
_1_DualAttestation_rotate_base_url_verify,66,53,unknown,unknown,547,529,517,5449
_1_DualAttestation_base_url_verify,42,31,unknown,unknown,125,122,123,378
_1_DualAttestation_assert_payment_ok_verify,47,38,unknown,unknown,140,142,143,243
_1_DualAttestation_get_cur_microdiem_limit_verify,42,29,unknown,unknown,128,125,126,216
_1_DualAttestation_set_microdiem_limit_verify,50,35,unknown,unknown,187,187,183,353
_1_DualAttestation_dual_attestation_required_verify,45,31,unknown,unknown,136,140,140,234
_1_DualAttestation_assert_payment_ok_verify_instantiated_1,47,35,unknown,unknown,145,149,145,244
_1_TreasuryComplianceScripts_preburn_verify_instantiated_0,321,10565,unknown,unknown,3273,3450,3425,5083
_1_TreasuryComplianceScripts_update_exchange_rate_verify,70,55,unknown,unknown,timeout,timeout,timeout,timeout
_1_TreasuryComplianceScripts_burn_with_amount_verify,113,193,unknown,unknown,702,704,681,1416
_1_TreasuryComplianceScripts_preburn_verify,280,1067,unknown,unknown,2945,2839,2945,4694
_1_TreasuryComplianceScripts_burn_txn_fees_verify_instantiated_1,49,36,unknown,unknown,165,162,164,271
_1_TreasuryComplianceScripts_tiered_mint_verify,607,1296,unknown,unknown,4918,5072,5006,8755
_1_TreasuryComplianceScripts_update_minting_ability_verify_instantiated_0,41,36,unknown,unknown,146,147,143,269
_1_TreasuryComplianceScripts_tiered_mint_verify_instantiated_0,489,1709,unknown,unknown,6335,6170,6145,10870
_1_TreasuryComplianceScripts_preburn_verify_instantiated_1,328,7323,unknown,unknown,3381,3317,3288,5111
_1_TreasuryComplianceScripts_burn_with_amount_verify_instantiated_1,91,292,unknown,unknown,691,716,718,1427
_1_TreasuryComplianceScripts_burn_txn_fees_verify_instantiated_0,49,34,unknown,unknown,166,163,164,272
_1_TreasuryComplianceScripts_burn_with_amount_verify_instantiated_0,101,195,unknown,unknown,683,715,705,1428
_1_TreasuryComplianceScripts_tiered_mint_verify_instantiated_1,501,741,unknown,unknown,6129,6169,6436,11413
_1_TreasuryComplianceScripts_update_dual_attestation_limit_verify,49,39,unknown,unknown,210,200,203,273
_1_TreasuryComplianceScripts_add_vasp_domain_verify,95,timeout,unknown,unknown,1559,1568,1609,1983
_1_TreasuryComplianceScripts_cancel_burn_with_amount_verify_instantiated_1,325,380,unknown,unknown,4522,4723,4718,8090
_1_TreasuryComplianceScripts_update_minting_ability_verify,46,34,unknown,unknown,145,147,148,270
_1_TreasuryComplianceScripts_cancel_burn_with_amount_verify,295,546,unknown,unknown,4296,4341,4530,8388
_1_TreasuryComplianceScripts_cancel_burn_with_amount_verify_instantiated_0,316,503,unknown,unknown,4781,4552,4715,7657
_1_TreasuryComplianceScripts_update_minting_ability_verify_instantiated_1,48,36,unknown,unknown,148,146,148,264
_1_TreasuryComplianceScripts_remove_vasp_domain_verify,60,347,unknown,unknown,552,549,546,704
_1_TreasuryComplianceScripts_unfreeze_account_verify,49,33,unknown,unknown,165,163,164,271
_1_TreasuryComplianceScripts_burn_txn_fees_verify,45,34,unknown,unknown,164,167,165,268
_1_TreasuryComplianceScripts_freeze_account_verify,48,31,unknown,unknown,164,165,169,268
_1_TreasuryComplianceScripts_update_exchange_rate_verify_instantiated_1,63,not found,not found,not found,not found,not found,not found,timeout
_1_TreasuryComplianceScripts_update_exchange_rate_verify_instantiated_0,71,not found,not found,not found,not found,not found,not found,timeout
_1_ValidatorConfig_remove_operator_verify,49,59,unknown,unknown,205,214,208,683
_1_VASPDomain_remove_vasp_domain_verify,302,timeout,unknown,unknown,timeout,timeout,timeout,timeout
_1_VASPDomain_add_vasp_domain_verify,78,timeout,unknown,unknown,5911,5692,5692,timeout
_1_ValidatorConfig_set_config_verify,54,52,unknown,unknown,169,171,171,572
_1_ValidatorConfig_set_operator_verify,55,66,unknown,unknown,228,224,234,733
_1_DiemAccount_add_currency_verify_instantiated_0,67,not found,not found,not found,not found,not found,not found,816
_1_AccountFreezing_unfreeze_account_verify,68,50,unknown,unknown,623,616,614,1129
_1_DiemAccount_script_prologue_verify,185,not found,not found,not found,not found,not found,not found,timeout
_1_DiemAccount_module_prologue_verify_instantiated_0,139,not found,not found,not found,not found,not found,not found,7329
_1_DiemAccount_withdraw_capability_address_verify,49,not found,not found,not found,not found,not found,not found,549
_1_DiemAccount_balance_verify,53,not found,not found,not found,not found,not found,not found,549
_1_DiemAccount_publish_crsn_verify,58,not found,not found,not found,not found,not found,not found,643
_1_AccountFreezing_freeze_account_verify,65,53,unknown,unknown,645,634,645,1195
_1_DiemAccount_authentication_key_verify,54,not found,not found,not found,not found,not found,not found,586
_1_DiemAccount_pay_by_signers_verify_instantiated_1,412,not found,not found,not found,not found,not found,not found,timeout
_1_DiemAccount_extract_withdraw_capability_verify,76,not found,not found,not found,not found,not found,not found,1156
_1_DiemAccount_preburn_verify_instantiated_1,369,not found,not found,not found,not found,not found,not found,timeout
_1_DiemAccount_accepts_currency_verify_instantiated_1,52,not found,not found,not found,not found,not found,not found,557
_1_DiemAccount_cancel_burn_verify,359,not found,not found,not found,not found,not found,not found,44774
_1_DiemAccount_epilogue_common_verify_instantiated_0,106,not found,not found,not found,not found,not found,not found,8540
_1_DesignatedDealer_tiered_mint_verify,83,134,unknown,unknown,1159,1178,1189,1756
_1_AccountAdministrationScripts_add_currency_to_account_verify_instantiated_0,54,40,unknown,unknown,269,266,258,560
_1_DiemAccount_writeset_prologue_verify,103,not found,not found,not found,not found,not found,not found,1606
_1_AccountAdministrationScripts_create_vasp_domains_verify,51,37,unknown,unknown,182,183,179,326
_1_DiemAccount_sequence_number_verify,49,not found,not found,not found,not found,not found,not found,592
_1_DiemAccount_prologue_common_verify,110,not found,not found,not found,not found,not found,not found,4315
_1_DiemAccount_multi_agent_script_prologue_verify,212,not found,not found,not found,not found,not found,not found,timeout
_1_AccountAdministrationScripts_add_currency_to_account_verify,56,41,unknown,unknown,254,256,255,562
_1_DiemAccount_script_prologue_verify_instantiated_1,186,not found,not found,not found,not found,not found,not found,timeout
_1_DiemAccount_key_rotation_capability_address_verify,52,not found,not found,not found,not found,not found,not found,563
_1_DiemAccount_create_authentication_key_verify,52,not found,not found,not found,not found,not found,not found,579
_1_DiemAccount_balance_for_verify,51,not found,not found,not found,not found,not found,not found,547
_1_DiemAccount_deposit_verify_instantiated_0,149,not found,not found,not found,not found,not found,not found,37664
_1_DiemAccount_pay_from_verify_instantiated_0,444,not found,not found,not found,not found,not found,not found,timeout
_1_DiemAccount_preburn_verify_instantiated_0,449,not found,not found,not found,not found,not found,not found,59950
_1_DiemAccount_tiered_mint_verify,460,not found,not found,not found,not found,not found,not found,timeout
_1_DiemAccount_accepts_currency_verify,51,not found,not found,not found,not found,not found,not found,551
_1_DesignatedDealer_tiered_mint_verify_instantiated_1,96,115,unknown,unknown,1201,1181,1169,1681
_1_DiemAccount_withdraw_from_verify_instantiated_0,136,not found,not found,not found,not found,not found,not found,17013
_1_DiemAccount_balance_verify_instantiated_0,53,not found,not found,not found,not found,not found,not found,563
_1_DiemAccount_script_prologue_verify_instantiated_0,297,not found,not found,not found,not found,not found,not found,timeout
_1_DiemAccount_preburn_verify,502,not found,not found,not found,not found,not found,not found,32598
_1_DiemAccount_rotate_authentication_key_verify,79,not found,not found,not found,not found,not found,not found,1009
_1_DiemAccount_tiered_mint_verify_instantiated_1,655,not found,not found,not found,not found,not found,not found,timeout
_1_DiemAccount_writeset_epilogue_verify,312,not found,not found,not found,not found,not found,not found,timeout
_1_DiemAccount_epilogue_common_verify_instantiated_1,99,not found,not found,not found,not found,not found,not found,7436
_1_DiemAccount_withdraw_from_verify,128,not found,not found,not found,not found,not found,not found,14635
_1_DiemAccount_restore_withdraw_capability_verify,76,not found,not found,not found,not found,not found,not found,1094
_1_DiemAccount_pay_from_verify_instantiated_1,327,not found,not found,not found,not found,not found,not found,timeout
_1_DiemAccount_prologue_common_verify_instantiated_0,126,not found,not found,not found,not found,not found,not found,4843
_1_DiemAccount_tiered_mint_verify_instantiated_0,598,not found,not found,not found,not found,not found,not found,timeout
_1_DiemAccount_add_currencies_for_account_verify,80,not found,not found,not found,not found,not found,not found,941
_1_DiemAccount_cancel_burn_verify_instantiated_0,391,not found,not found,not found,not found,not found,not found,35978
_1_DiemAccount_accepts_currency_verify_instantiated_0,54,not found,not found,not found,not found,not found,not found,549
_1_DiemAccount_epilogue_verify_instantiated_1,82,not found,not found,not found,not found,not found,not found,1111
_1_DiemAccount_cancel_burn_verify_instantiated_1,306,not found,not found,not found,not found,not found,not found,34900
_1_DiemAccount_pay_by_signers_verify_instantiated_0,281,not found,not found,not found,not found,not found,not found,timeout
_1_DiemAccount_should_track_limits_for_account_verify,57,not found,not found,not found,not found,not found,not found,599
_1_DiemAccount_make_account_verify,89,not found,not found,not found,not found,not found,not found,9162
_1_AccountAdministrationScripts_add_currency_to_account_verify_instantiated_1,55,45,unknown,unknown,268,259,265,562
_1_DiemAccount_pay_from_verify,385,not found,not found,not found,not found,not found,not found,timeout
_1_DiemAccount_module_prologue_verify,132,not found,not found,not found,not found,not found,not found,6585
_1_DiemAccount_delegated_withdraw_capability_verify,53,not found,not found,not found,not found,not found,not found,597
_1_DiemAccount_exists_at_verify,51,not found,not found,not found,not found,not found,not found,565
_1_DiemAccount_add_currency_verify,56,not found,not found,not found,not found,not found,not found,712
_1_DiemAccount_initialize_verify,96,not found,not found,not found,not found,not found,not found,994
_1_DiemAccount_sequence_number_for_account_verify,50,not found,not found,not found,not found,not found,not found,566
_1_DiemAccount_add_currencies_for_account_verify_instantiated_0,79,not found,not found,not found,not found,not found,not found,910
_1_DiemAccount_extract_key_rotation_capability_verify,77,not found,not found,not found,not found,not found,not found,954
_1_DiemAccount_withdraw_from_verify_instantiated_1,140,not found,not found,not found,not found,not found,not found,21404
_1_DiemAccount_epilogue_common_verify,99,not found,not found,not found,not found,not found,not found,7541
_1_DesignatedDealer_tiered_mint_verify_instantiated_0,91,154,unknown,unknown,1186,1169,1196,1738
_1_DiemAccount_pay_by_signers_verify,289,not found,not found,not found,not found,not found,not found,43064
_1_DiemAccount_add_currency_verify_instantiated_1,69,not found,not found,not found,not found,not found,not found,701
_1_DiemAccount_epilogue_verify,81,not found,not found,not found,not found,not found,not found,1132
_1_DiemAccount_deposit_verify_instantiated_1,151,not found,not found,not found,not found,not found,not found,26690
_1_DiemAccount_prologue_common_verify_instantiated_1,120,not found,not found,not found,not found,not found,not found,4832
_1_DiemAccount_multi_agent_script_prologue_verify_instantiated_0,196,not found,not found,not found,not found,not found,not found,timeout
_1_DiemAccount_balance_verify_instantiated_1,55,not found,not found,not found,not found,not found,not found,562
_1_DiemAccount_multi_agent_script_prologue_verify_instantiated_1,205,not found,not found,not found,not found,not found,not found,timeout
_1_DiemAccount_delegated_key_rotation_capability_verify,54,not found,not found,not found,not found,not found,not found,590
_1_DiemAccount_withdraw_from_balance_verify_instantiated_0,72,not found,not found,not found,not found,not found,not found,789
_1_DiemAccount_restore_key_rotation_capability_verify,69,not found,not found,not found,not found,not found,not found,917
_1_DiemAccount_module_prologue_verify_instantiated_1,170,not found,not found,not found,not found,not found,not found,7291
_1_DiemAccount_withdraw_from_balance_verify,67,not found,not found,not found,not found,not found,not found,769
_1_DiemAccount_add_currencies_for_account_verify_instantiated_1,83,not found,not found,not found,not found,not found,not found,911
_1_DiemAccount_deposit_verify,151,not found,not found,not found,not found,not found,not found,20427
_1_DiemAccount_withdraw_from_balance_verify_instantiated_1,68,not found,not found,not found,not found,not found,not found,799
_1_DiemAccount_has_published_account_limits_verify,54,not found,not found,not found,not found,not found,not found,582
_1_DiemAccount_epilogue_verify_instantiated_0,86,not found,not found,not found,not found,not found,not found,1119
_1_PaymentScripts_peer_to_peer_by_signers_verify_instantiated_0,313,1979,unknown,unknown,2584,2587,2567,4128
_1_PaymentScripts_peer_to_peer_with_metadata_verify_instantiated_0,411,1128,unknown,unknown,2679,2753,2727,7721
_1_PaymentScripts_peer_to_peer_with_metadata_verify,427,1502,unknown,unknown,2834,2940,2915,9019
_1_PaymentScripts_peer_to_peer_by_signers_verify_instantiated_1,405,2600,unknown,unknown,2524,2496,2503,4126
_1_PaymentScripts_peer_to_peer_with_metadata_verify_instantiated_1,441,2551,unknown,unknown,2619,2625,2758,7623
_1_PaymentScripts_peer_to_peer_by_signers_verify,407,933,unknown,unknown,2798,2675,2765,4507
_1_Diem_burn_with_resource_cap_verify,75,66,unknown,unknown,538,537,540,1044
_1_Diem_update_xdx_exchange_rate_verify_instantiated_1,65,54,unknown,unknown,593,582,604,1068
_1_XDX_reserve_address_verify,45,33,unknown,unknown,181,176,181,236
_1_Diem_mint_with_capability_verify_instantiated_0,71,56,unknown,unknown,543,546,540,959
_1_Diem_mint_with_capability_verify_instantiated_1,68,56,unknown,unknown,545,554,537,947
_1_Diem_preburn_with_resource_verify_instantiated_0,68,55,unknown,unknown,594,611,600,1113
_1_Diem_burn_with_resource_cap_verify_instantiated_0,75,69,unknown,unknown,554,550,553,1059
_1_Diem_preburn_with_resource_verify,71,54,unknown,unknown,588,584,584,1070
_1_Diem_mint_with_capability_verify,70,60,unknown,unknown,539,543,549,978
_1_Diem_update_xdx_exchange_rate_verify_instantiated_0,66,51,unknown,unknown,592,586,582,1064
_1_Diem_register_currency_verify_instantiated_1,87,timeout,unknown,unknown,431,430,427,timeout
_1_Diem_register_currency_verify_instantiated_0,76,timeout,unknown,unknown,428,429,423,timeout
_1_XDX_is_xdx_verify_instantiated_1,47,34,unknown,unknown,192,193,190,622
_1_Diem_update_xdx_exchange_rate_verify,67,54,unknown,unknown,588,573,582,1057
_1_Diem_update_minting_ability_verify,58,44,unknown,unknown,294,298,297,588
_1_XDX_is_xdx_verify_instantiated_0,48,33,unknown,unknown,193,192,190,772
_1_XDX_initialize_verify,145,timeout,unknown,unknown,549,538,537,timeout
_1_Diem_update_minting_ability_verify_instantiated_0,54,44,unknown,unknown,297,296,295,587
_1_Diem_preburn_with_resource_verify_instantiated_1,64,54,unknown,unknown,591,607,597,1087
_1_Diem_update_minting_ability_verify_instantiated_1,57,44,unknown,unknown,295,298,293,610
_1_Diem_cancel_burn_with_capability_verify_instantiated_1,95,125,unknown,unknown,708,697,699,1045
_1_Diem_cancel_burn_with_capability_verify_instantiated_0,89,110,unknown,unknown,725,690,712,1024
_1_Diem_burn_with_resource_cap_verify_instantiated_1,77,65,unknown,unknown,553,557,551,1043
_1_Diem_cancel_burn_with_capability_verify,84,130,unknown,unknown,697,692,703,1045
_1_Diem_register_currency_verify,101,timeout,unknown,unknown,434,425,429,timeout
_1_XDX_is_xdx_verify,47,37,unknown,unknown,189,189,192,786
_1_DiemSystem_add_validator_verify,270,timeout,unknown,unknown,timeout,timeout,timeout,timeout
_1_DiemSystem_validator_set_size_verify,56,not found,not found,not found,not found,not found,not found,572
_1_DiemSystem_is_validator__verify,54,not found,not found,not found,not found,not found,not found,965
_1_DiemSystem_remove_validator_verify,430,not found,not found,not found,not found,not found,not found,timeout
_1_DiemSystem_initialize_validator_set_verify,55,not found,not found,not found,not found,not found,not found,4621
_1_DiemSystem_update_ith_validator_info__verify,89,not found,not found,not found,not found,not found,not found,timeout
_1_DiemSystem_get_validator_config_verify,82,not found,not found,not found,not found,not found,not found,timeout
_1_DiemSystem_is_validator_verify,73,not found,not found,not found,not found,not found,not found,timeout
_1_DiemSystem_set_diem_system_config_verify,59,not found,not found,not found,not found,not found,not found,701
_1_DiemSystem_get_validator_index__verify,68,not found,not found,not found,not found,not found,not found,3270
_1_DiemSystem_update_config_and_reconfigure_verify,1372,not found,not found,not found,not found,not found,not found,timeout
_1_DiemSystem_get_diem_system_config_verify,56,not found,not found,not found,not found,not found,not found,562
_1_DiemSystem_get_ith_validator_address_verify,65,not found,not found,not found,not found,not found,not found,610
_1_VASPDomain_publish_vasp_domains_verify,38,32,unknown,unknown,115,114,115,262
_1_VASPDomain_publish_vasp_domain_manager_verify,35,29,unknown,unknown,87,91,88,172
_1_VASPDomain_has_vasp_domain_verify,37,55,unknown,unknown,105,104,108,260
_1_VASPDomain_create_vasp_domain_verify,34,27,unknown,unknown,67,68,65,236
_1_VASPDomain_has_vasp_domains_verify,32,24,unknown,unknown,67,67,62,124
_1_VASPDomain_tc_domain_manager_exists_verify,29,not found,not found,not found,not found,not found,not found,78
_1_ValidatorConfig_get_human_name_verify,38,26,unknown,unknown,73,70,75,262
_1_ValidatorConfig_publish_verify,46,52,unknown,unknown,136,137,139,357
_1_ValidatorConfig_get_validator_network_addresses_verify,35,27,unknown,unknown,69,69,71,134
_1_ValidatorConfig_exists_config_verify,33,25,unknown,unknown,69,67,67,132
_1_ValidatorConfig_get_config_verify,38,30,unknown,unknown,85,74,75,150
_1_ValidatorConfig_get_consensus_pubkey_verify,32,25,unknown,unknown,69,68,65,133
_1_ValidatorConfig_is_valid_verify,38,26,unknown,unknown,76,72,73,145
_1_ValidatorConfig_get_operator_verify,39,28,unknown,unknown,77,77,75,147
_1_VASP_parent_address_verify,27,26,unknown,unknown,55,53,53,87
_1_VASP_is_vasp_verify,29,23,unknown,unknown,46,46,50,89
_1_VASP_is_child_verify,28,21,unknown,unknown,47,44,44,78
_1_VASP_has_account_limits_verify,28,24,unknown,unknown,48,49,48,80
_1_VASP_is_parent_verify,28,23,unknown,unknown,46,44,45,80
_1_VASP_num_children_verify,27,23,unknown,unknown,56,54,52,104
_1_VASP_is_same_vasp_verify,29,25,unknown,unknown,51,54,50,87
_1_Diem_zero_verify,35,35,unknown,unknown,300,300,305,148
_1_Diem_burn_now_verify_instantiated_0,133,151,unknown,unknown,1203,1236,1235,1993
_1_Diem_approx_xdx_for_value_verify_instantiated_0,45,30,unknown,unknown,139,129,133,241
_1_Diem_burn_with_capability_verify,83,103,unknown,unknown,546,545,533,894
_1_Diem_xdx_exchange_rate_verify_instantiated_0,44,37,unknown,unknown,309,301,311,229
_1_Diem_cancel_burn_verify_instantiated_0,89,177,unknown,unknown,742,741,715,1161
_1_Diem_cancel_burn_verify_instantiated_1,84,162,unknown,unknown,742,736,736,1148
_1_Diem_remove_burn_capability_verify,47,37,unknown,unknown,327,338,342,462
_1_Diem_approx_xdx_for_coin_verify_instantiated_0,41,32,unknown,unknown,122,121,121,228
_1_Diem_split_verify,43,38,unknown,unknown,297,293,287,234
_1_Diem_approx_xdx_for_value_verify_instantiated_1,47,36,unknown,unknown,132,130,133,247
_1_Diem_is_currency_verify,46,35,unknown,unknown,210,213,213,227
_1_Diem_burn_now_verify_instantiated_1,136,143,unknown,unknown,1250,1249,1264,2007
_1_Diem_currency_code_verify_instantiated_1,45,29,unknown,unknown,128,129,127,453
_1_Diem_market_cap_verify_instantiated_0,42,30,unknown,unknown,216,216,218,229
_1_Diem_preburn_to_verify_instantiated_0,110,760,unknown,unknown,1088,1100,1097,4337
_1_Diem_burn_with_capability_verify_instantiated_0,82,107,unknown,unknown,546,554,539,923
_1_Diem_approx_xdx_for_coin_verify,45,32,unknown,unknown,122,123,123,231
_1_Diem_value_verify,43,32,unknown,unknown,119,120,119,230
_1_Diem_approx_xdx_for_value_verify,45,33,unknown,unknown,132,131,137,246
_1_Diem_is_SCS_currency_verify,45,34,unknown,unknown,213,214,214,228
_1_Diem_fractional_part_verify,42,33,unknown,unknown,209,210,205,226
_1_Diem_is_SCS_currency_verify_instantiated_0,42,34,unknown,unknown,209,212,206,232
_1_Diem_xdx_exchange_rate_verify,46,37,unknown,unknown,298,300,297,248
_1_Diem_publish_burn_capability_verify_instantiated_0,51,42,unknown,unknown,355,350,349,528
_1_Diem_burn_verify_instantiated_1,114,155,unknown,unknown,612,611,608,1056
_1_Diem_burn_with_capability_verify_instantiated_1,82,129,unknown,unknown,559,564,545,907
_1_Diem_create_preburn_verify,49,39,unknown,unknown,224,224,230,262
_1_Diem_destroy_zero_verify,42,33,unknown,unknown,246,251,260,459
_1_Diem_publish_preburn_queue_to_account_verify,54,43,unknown,unknown,330,330,330,378
_1_Diem_scaling_factor_verify,44,35,unknown,unknown,277,277,281,230
_1_Diem_assert_is_SCS_currency_verify_instantiated_0,46,32,unknown,unknown,128,125,124,242
_1_Diem_fractional_part_verify_instantiated_0,46,33,unknown,unknown,212,212,211,231
_1_Diem_approx_xdx_for_coin_verify_instantiated_1,42,31,unknown,unknown,122,125,125,237
_1_Diem_assert_is_SCS_currency_verify_instantiated_1,45,28,unknown,unknown,129,128,129,228
_1_Diem_assert_is_currency_verify,44,32,unknown,unknown,129,132,126,236
_1_Diem_add_preburn_to_queue_verify,57,unknown,unknown,unknown,637,636,621,793
_1_Diem_preburn_value_verify,45,32,unknown,unknown,244,244,238,229
_1_Diem_is_synthetic_currency_verify,44,31,unknown,unknown,209,214,210,227
_1_Diem_upgrade_preburn_verify,59,65,unknown,unknown,533,524,524,820
_1_Diem_preburn_value_verify_instantiated_1,43,40,unknown,unknown,248,244,246,225
_1_Diem_scaling_factor_verify_instantiated_1,41,34,unknown,unknown,274,280,282,227
_1_Diem_register_SCS_currency_verify_instantiated_0,98,timeout,unknown,unknown,809,814,811,timeout
_1_Diem_burn_verify,100,159,unknown,unknown,583,583,580,1054
_1_Diem_preburn_to_verify,120,830,unknown,unknown,1104,1097,1099,17723
_1_Diem_assert_is_SCS_currency_verify,44,30,unknown,unknown,124,126,125,231
_1_Diem_withdraw_verify,45,38,unknown,unknown,306,307,309,241
_1_Diem_xdx_exchange_rate_verify_instantiated_1,44,35,unknown,unknown,294,297,302,238
_1_Diem_scaling_factor_verify_instantiated_0,45,32,unknown,unknown,281,280,281,226
_1_Diem_currency_code_verify_instantiated_0,47,32,unknown,unknown,123,125,123,453
_1_Diem_market_cap_verify,44,31,unknown,unknown,216,209,213,230
_1_Diem_preburn_value_verify_instantiated_0,45,32,unknown,unknown,249,242,244,231
_1_Diem_publish_burn_capability_verify,51,39,unknown,unknown,354,358,345,527
_1_Diem_publish_preburn_queue_verify,50,46,unknown,unknown,377,381,379,570
_1_Diem_upgrade_preburn_verify_instantiated_0,59,65,unknown,unknown,533,535,531,806
_1_Diem_market_cap_verify_instantiated_1,42,35,unknown,unknown,213,218,211,226
_1_Diem_currency_code_verify,45,32,unknown,unknown,123,125,127,449
_1_Diem_upgrade_preburn_verify_instantiated_1,60,66,unknown,unknown,534,543,550,804
_1_Diem_initialize_verify,49,39,unknown,unknown,152,147,149,426
_1_Diem_create_preburn_verify_instantiated_1,49,38,unknown,unknown,225,226,230,256
_1_Diem_publish_burn_capability_verify_instantiated_1,52,40,unknown,unknown,354,356,358,522
_1_Diem_mint_verify_instantiated_1,47,38,unknown,unknown,288,284,278,509
_1_Diem_register_SCS_currency_verify_instantiated_1,95,timeout,unknown,unknown,828,809,821,timeout
_1_Diem_fractional_part_verify_instantiated_1,46,34,unknown,unknown,213,210,212,226
_1_Diem_create_preburn_verify_instantiated_0,50,37,unknown,unknown,227,229,229,260
_1_Diem_is_SCS_currency_verify_instantiated_1,45,31,unknown,unknown,210,215,213,229
_1_Diem_deposit_verify,45,36,unknown,unknown,263,270,267,462
_1_Diem_join_verify,48,35,unknown,unknown,211,219,217,238
_1_Diem_burn_verify_instantiated_0,87,220,unknown,unknown,598,596,601,1070
_1_Diem_mint_verify,48,40,unknown,unknown,292,286,283,508
_1_Diem_mint_verify_instantiated_0,50,40,unknown,unknown,293,283,290,504
_1_Diem_register_SCS_currency_verify,92,timeout,unknown,unknown,805,819,806,timeout
_1_Diem_burn_now_verify,193,131,unknown,unknown,1227,1228,1208,2077
_1_Diem_withdraw_all_verify,45,39,unknown,unknown,304,307,299,230
_1_Diem_cancel_burn_verify,87,176,unknown,unknown,741,725,744,1124
_1_Diem_preburn_to_verify_instantiated_1,109,1054,unknown,unknown,1102,1094,1069,14869
_1_Diem_remove_preburn_from_queue_verify,59,unknown,unknown,unknown,unknown,unknown,unknown,1196
_1_AccountCreationScripts_create_designated_dealer_verify_instantiated_0,176,237,unknown,unknown,1646,1694,1684,2243
_1_AccountCreationScripts_create_validator_account_verify,94,104,unknown,unknown,1010,1026,1055,1467
_1_AccountCreationScripts_create_parent_vasp_account_verify,149,178,unknown,unknown,2446,2316,2416,3145
_1_AccountCreationScripts_create_child_vasp_account_verify,201,923,unknown,unknown,1464,1484,1460,1889
_1_AccountCreationScripts_create_validator_operator_account_verify,74,129,unknown,unknown,1028,1027,997,1213
_1_AccountCreationScripts_create_designated_dealer_verify_instantiated_1,151,243,unknown,unknown,1863,1864,1852,2467
_1_AccountCreationScripts_create_designated_dealer_verify,188,299,unknown,unknown,1896,1978,1987,2708
_1_AccountCreationScripts_create_parent_vasp_account_verify_instantiated_0,170,307,unknown,unknown,2405,2443,2403,3048
_1_AccountCreationScripts_create_parent_vasp_account_verify_instantiated_1,134,176,unknown,unknown,2404,2408,2403,3055
_1_AccountCreationScripts_create_child_vasp_account_verify_instantiated_1,203,738,unknown,unknown,1398,1425,1411,1850
_1_AccountCreationScripts_create_child_vasp_account_verify_instantiated_0,188,843,unknown,unknown,1434,1422,1382,1822
_1_AccountFreezing_initialize_verify,53,35,unknown,unknown,171,155,159,365
_1_AccountFreezing_account_is_frozen_verify,49,34,unknown,unknown,133,127,132,274
_1_AccountFreezing_assert_not_frozen_verify,48,35,unknown,unknown,127,137,133,269
_1_AccountFreezing_create_verify,50,36,unknown,unknown,166,162,164,404
_1_RegisteredCurrencies_add_currency_code_verify,89,timeout,unknown,unknown,unknown,unknown,unknown,timeout
_1_RegisteredCurrencies_initialize_verify,50,37,unknown,unknown,202,195,205,466
_1_ChainId_initialize_verify,43,30,unknown,unknown,138,139,136,275
_1_ChainId_get_verify,40,30,unknown,unknown,99,93,98,201
_1_SlidingNonce_record_nonce_or_abort_verify,43,28,unknown,unknown,115,115,115,213
_1_SlidingNonce_publish_verify,43,31,unknown,unknown,126,129,127,263
_1_DiemBlock_block_prologue_verify,61,62,unknown,unknown,392,395,392,761
_1_DiemBlock_is_initialized_verify,41,28,unknown,unknown,98,100,97,199
_1_DiemBlock_get_current_block_height_verify,38,29,unknown,unknown,98,99,98,196
_1_DiemBlock_initialize_block_metadata_verify,44,31,unknown,unknown,140,140,142,277
_1_DiemTransactionPublishingOption_initialize_verify,50,35,unknown,unknown,205,206,210,483
_1_DiemTransactionPublishingOption_set_open_script_verify,53,38,unknown,unknown,219,222,227,493
_1_DiemTransactionPublishingOption_transactions_halted_verify,40,31,unknown,unknown,110,107,108,387
_1_DiemTransactionPublishingOption_is_module_allowed_verify,45,33,unknown,unknown,129,124,131,446
_1_DiemTransactionPublishingOption_is_script_allowed_verify,49,35,unknown,unknown,142,139,139,456
_1_DiemTransactionPublishingOption_halt_all_transactions_verify,42,27,unknown,unknown,117,118,117,432
_1_DiemTransactionPublishingOption_set_open_module_verify,49,38,unknown,unknown,220,222,222,484
_1_DiemTransactionPublishingOption_resume_transactions_verify,43,26,unknown,unknown,125,124,123,436
_1_Authenticator_ed25519_authentication_key_verify,23,20,unknown,unknown,24,30,29,44
_1_Authenticator_multi_ed25519_authentication_key_verify,21,timeout,unknown,unknown,44,44,42,57
_1_Authenticator_public_keys_verify,25,20,unknown,unknown,30,26,29,44
_1_Authenticator_create_multi_ed25519_verify,23,20,unknown,unknown,27,27,26,35
_1_Authenticator_threshold_verify,26,18,unknown,unknown,27,24,25,43
_1_Genesis_create_initialize_owners_operators_verify,33,29,unknown,unknown,95,97,93,204
_1_Genesis_initialize_verify,42,29,unknown,unknown,99,92,96,202
_1_CRSN_has_crsn_verify,24,19,unknown,unknown,32,34,31,44
_1_CRSN_force_expire_verify,22,15,unknown,unknown,30,29,33,45
_1_CRSN_publish_verify,28,26,unknown,unknown,61,49,58,73
_1_CRSN_check_verify,28,26,unknown,unknown,76,70,75,101
_1_CRSN_record_verify,25,20,unknown,unknown,31,33,30,46
_1_CRSN_shift_window_right_verify,19,18,unknown,unknown,30,33,32,33
_1_DesignatedDealer_add_currency_for_test_verify_instantiated_1,40,27,unknown,unknown,79,85,82,175
_1_DesignatedDealer_add_currency_for_test_verify_instantiated_0,40,29,unknown,unknown,81,83,82,182
_1_DesignatedDealer_exists_at_verify,40,27,unknown,unknown,86,87,87,185
_1_DesignatedDealer_add_currency_for_test_verify,41,28,unknown,unknown,86,90,95,182
_1_DesignatedDealer_publish_designated_dealer_credential_verify,52,40,unknown,unknown,156,155,153,339
_1_DesignatedDealer_add_currency_verify,49,38,unknown,unknown,115,112,113,215
_1_XUS_initialize_verify,134,timeout,unknown,unknown,560,555,552,timeout
_1_DiemConfig_reconfiguration_enabled_verify,43,33,unknown,unknown,138,141,141,207
_1_DiemConfig_get_verify_instantiated_3,42,28,unknown,unknown,132,139,137,386
_1_DiemConfig_initialize_verify,41,32,unknown,unknown,164,163,161,303
_1_DiemConfig_get_verify_instantiated_1,45,28,unknown,unknown,132,132,133,402
_1_DiemConfig_get_verify_instantiated_4,45,34,unknown,unknown,132,132,133,393
_1_DiemConfig_reconfigure_verify,58,44,unknown,unknown,353,353,359,650
_1_DiemConfig_enable_reconfiguration_verify,42,28,unknown,unknown,125,125,124,206
_1_DiemConfig_get_verify_instantiated_5,42,26,unknown,unknown,132,136,145,219
_1_DiemConfig_disable_reconfiguration_verify,42,30,unknown,unknown,126,123,125,211
_1_DiemConfig_emit_genesis_reconfiguration_event_verify,48,33,unknown,unknown,308,311,305,617
_1_DiemConfig_get_verify,44,29,unknown,unknown,124,129,132,218
_1_DiemConfig_get_verify_instantiated_0,44,32,unknown,unknown,136,139,130,419
_1_DiemConfig_get_verify_instantiated_2,45,33,unknown,unknown,134,133,134,400
_1_DiemConfig_reconfigure__verify,59,50,unknown,unknown,374,377,377,592
_1_DiemVersion_initialize_verify,56,47,unknown,unknown,453,457,459,614
_1_DiemVersion_set_verify,58,52,unknown,unknown,459,461,468,610
_1_DiemVMConfig_initialize_verify,61,53,unknown,unknown,459,455,459,646
_1_DiemVMConfig_set_gas_constants_verify,77,78,unknown,unknown,608,613,602,2587
_1_SystemAdministrationScripts_initialize_diem_consensus_config_verify,39,26,unknown,unknown,91,87,90,186
_1_SystemAdministrationScripts_update_diem_version_verify,30,25,unknown,unknown,87,92,90,121
_1_SystemAdministrationScripts_set_gas_constants_verify,40,26,unknown,unknown,91,88,84,187
_1_SystemAdministrationScripts_update_diem_consensus_config_verify,38,26,unknown,unknown,90,90,87,183
_1_ValidatorOperatorConfig_publish_verify,26,29,unknown,unknown,88,86,83,125
_1_ValidatorOperatorConfig_has_validator_operator_config_verify,25,21,unknown,unknown,41,40,44,69
_1_ValidatorOperatorConfig_get_human_name_verify,29,23,unknown,unknown,45,46,49,112
_1_Roles_has_designated_dealer_role_verify,43,32,unknown,unknown,150,152,153,289
_1_Roles_new_child_vasp_role_verify,53,40,unknown,unknown,226,230,227,542
_1_Roles_can_hold_balance_verify,46,31,unknown,unknown,158,157,154,294
_1_Roles_grant_diem_root_role_verify,57,41,unknown,unknown,219,222,216,537
_1_Roles_grant_treasury_compliance_role_verify,57,43,unknown,unknown,230,236,235,552
_1_Roles_new_validator_operator_role_verify,57,41,unknown,unknown,230,234,233,544
_1_Roles_new_designated_dealer_role_verify,56,43,unknown,unknown,229,232,231,531
_1_Roles_assert_validator_operator_verify,49,35,unknown,unknown,148,151,146,291
_1_Roles_assert_parent_vasp_or_designated_dealer_verify,51,38,unknown,unknown,150,151,147,291
_1_Roles_assert_treasury_compliance_verify,50,39,unknown,unknown,147,142,146,292
_1_Roles_has_parent_VASP_role_verify,51,35,unknown,unknown,156,158,156,287
_1_Roles_assert_validator_verify,50,32,unknown,unknown,148,149,151,291
_1_Roles_assert_child_vasp_role_verify,49,39,unknown,unknown,144,144,144,290
_1_Roles_assert_parent_vasp_role_verify,46,36,unknown,unknown,150,145,146,287
_1_Roles_assert_designated_dealer_verify,50,35,unknown,unknown,146,146,146,288
_1_Roles_has_validator_operator_role_verify,50,32,unknown,unknown,161,162,163,298
_1_Roles_new_validator_role_verify,57,44,unknown,unknown,231,236,236,546
_1_Roles_new_parent_vasp_role_verify,55,41,unknown,unknown,231,231,226,534
_1_Roles_assert_diem_root_verify,52,34,unknown,unknown,145,146,148,289
_1_Roles_has_treasury_compliance_role_verify,50,36,unknown,unknown,162,163,159,291
_1_Roles_has_validator_role_verify,48,34,unknown,unknown,160,159,160,294
_1_Roles_assert_parent_vasp_or_child_vasp_verify,52,32,unknown,unknown,149,152,153,294
_1_Roles_has_child_VASP_role_verify,47,35,unknown,unknown,148,152,152,287
_1_Roles_get_role_id_verify,48,44,unknown,unknown,146,144,143,285
_1_Roles_has_role_verify,50,32,unknown,unknown,156,155,153,281
_1_Roles_has_diem_root_role_verify,50,34,unknown,unknown,157,157,155,291
_1_CoreAddresses_assert_treasury_compliance_verify,21,18,unknown,unknown,23,26,26,33
_1_CoreAddresses_assert_vm_verify,17,18,unknown,unknown,27,25,22,28
_1_CoreAddresses_assert_currency_info_verify,23,17,unknown,unknown,22,26,19,36
_1_CoreAddresses_assert_diem_root_verify,23,10,unknown,unknown,25,25,23,39
_1_SharedEd25519PublicKey_rotate_key_verify,39,38,unknown,unknown,90,91,88,189
_1_SharedEd25519PublicKey_publish_verify,46,58,unknown,unknown,116,115,120,230
_1_SharedEd25519PublicKey_rotate_key__verify,29,34,unknown,unknown,71,72,73,135
_1_SharedEd25519PublicKey_exists_at_verify,28,23,unknown,unknown,47,48,49,95
_1_SharedEd25519PublicKey_key_verify,26,22,unknown,unknown,49,46,45,78
_1_ValidatorAdministrationScripts_add_validator_and_reconfigure_verify,157,7749,unknown,unknown,1350,1296,1317,timeout
_1_ValidatorAdministrationScripts_register_validator_config_verify,44,33,unknown,unknown,124,120,122,210
_1_ValidatorAdministrationScripts_remove_validator_and_reconfigure_verify,243,unknown,unknown,unknown,timeout,timeout,timeout,timeout
_1_ValidatorAdministrationScripts_set_validator_config_and_reconfigure_verify,267,not found,not found,not found,not found,not found,not found,timeout
_1_ValidatorAdministrationScripts_set_validator_operator_verify,57,not found,not found,not found,not found,not found,not found,890
_1_ValidatorAdministrationScripts_set_validator_operator_with_nonce_admin_verify,46,not found,not found,not found,not found,not found,not found,789
_1_DiemId_tc_domain_manager_exists_verify,34,26,unknown,unknown,60,64,64,138
_1_DiemId_has_diem_id_domain_verify,36,60,unknown,unknown,116,116,120,285
_1_DiemId_remove_diem_id_domain_verify,895,timeout,unknown,unknown,timeout,timeout,timeout,timeout
_1_DiemId_publish_diem_id_domain_manager_verify,42,29,unknown,unknown,106,105,106,191
_1_DiemId_publish_diem_id_domains_verify,40,34,unknown,unknown,131,132,139,319
_1_DiemId_create_diem_id_domain_verify,34,26,unknown,unknown,70,74,71,260
_1_DiemId_has_diem_id_domains_verify,36,25,unknown,unknown,69,70,71,136
_1_DiemId_add_diem_id_domain_verify,82,timeout,unknown,unknown,5181,5211,5032,timeout
_1_AccountAdministrationScripts_publish_shared_ed25519_public_key_verify,59,66,unknown,unknown,253,260,255,558
_1_AccountAdministrationScripts_add_recovery_rotation_capability_verify,53,232,unknown,unknown,264,279,270,715
_1_AccountAdministrationScripts_rotate_authentication_key_with_recovery_address_verify,69,timeout,unknown,unknown,575,574,567,1256
_1_AccountAdministrationScripts_rotate_shared_ed25519_public_key_verify,44,50,unknown,unknown,228,228,230,369
_1_AccountAdministrationScripts_force_expire_verify,44,29,unknown,unknown,113,112,110,225
_1_AccountAdministrationScripts_rotate_authentication_key_verify,55,59,unknown,unknown,225,231,231,540
_1_AccountAdministrationScripts_create_recovery_address_verify,51,59,unknown,unknown,245,237,244,421
_1_AccountAdministrationScripts_rotate_dual_attestation_info_verify,98,110,unknown,unknown,1053,1046,1060,13145
_1_AccountAdministrationScripts_rotate_authentication_key_with_nonce_verify,64,67,unknown,unknown,291,294,289,572
_1_AccountAdministrationScripts_opt_in_to_crsn_verify,50,36,unknown,unknown,187,181,180,265
_1_AccountAdministrationScripts_rotate_authentication_key_with_nonce_admin_verify,57,81,unknown,unknown,294,292,297,588
