Benchmark,baseline,z3,andy_strings,seqArray,seqArray_array,cvc4,cvc5,andy_default
_1_TransactionFee_add_txn_fee_currency_verify_instantiated_0,43,31,134,133,234,116,85,135
_1_DiemTimestamp_update_global_time_verify,53,37,184,188,390,146,111,184
_1_TransactionFee_pay_fee_verify_instantiated_0,42,34,199,195,334,136,103,201
_1_TransactionFee_burn_fees_verify_instantiated_0,94,126,739,728,1401,fail,581,712
_1_TransactionFee_is_coin_initialized_verify_instantiated_0,32,28,148,153,208,98,79,148
_1_Genesis_initialize_internal_verify,319,timeout,2208,2263,2204,fail,fail,2259
_1_TransactionFee_is_coin_initialized_verify,42,31,148,149,207,95,75,141
_1_TransactionFee_pay_fee_verify,45,36,187,189,299,135,103,191
_1_TransactionFee_initialize_verify,49,35,175,184,328,150,109,169
_1_TransactionFee_burn_fees_verify_instantiated_1,64,56,237,240,523,266,179,232
_1_TransactionFee_add_txn_fee_currency_verify_instantiated_1,39,28,114,121,208,85,63,114
_1_TransactionFee_add_txn_fee_currency_verify,42,26,111,111,205,89,67,114
_1_TransactionFee_burn_fees_verify,101,109,665,682,1390,fail,558,687
_1_TransactionFee_is_initialized_verify,43,31,145,152,208,101,77,148
_1_DiemAccount_create_validator_operator_account_verify,70,116,467,469,707,fail,fail,470
_1_DiemConfig_set_with_capability_and_reconfigure_verify_instantiated_2,65,58,364,369,901,unknown,233,370
_1_DiemAccount_create_diem_root_account_verify,68,82,1000,995,1757,fail,fail,1004
_1_DiemConfig_publish_new_config_and_get_capability_verify,52,39,216,229,542,154,116,227
_1_DiemConfig_set_verify,55,38,213,212,572,141,111,211
_1_DiemConfig_publish_new_config_and_get_capability_verify_instantiated_3,58,38,231,231,560,160,120,228
_1_DiemConfig_set_verify_instantiated_0,57,41,217,215,600,148,112,219
_1_DiemConfig_publish_new_config_and_get_capability_verify_instantiated_0,57,39,226,225,585,156,122,228
_1_DiemConfig_set_with_capability_and_reconfigure_verify_instantiated_0,61,51,342,340,942,unknown,212,344
_1_DiemConfig_publish_new_config_verify_instantiated_1,53,37,227,224,557,163,123,227
_1_DiemConfig_set_with_capability_and_reconfigure_verify,63,47,335,340,733,unknown,194,333
_1_DiemAccount_create_treasury_compliance_account_verify,82,172,968,969,1523,fail,fail,963
_1_DiemAccount_create_child_vasp_account_verify_instantiated_0,145,337,2259,2340,6877,fail,fail,2330
_1_DiemConfig_publish_new_config_verify,55,36,225,223,556,155,121,218
_1_DiemConfig_set_with_capability_and_reconfigure_verify_instantiated_3,56,47,345,345,741,unknown,201,343
_1_DiemAccount_create_designated_dealer_verify_instantiated_1,180,734,2206,2198,4895,fail,fail,2148
_1_DiemConfig_publish_new_config_verify_instantiated_0,56,40,225,233,563,159,123,223
_1_DiemConsensusConfig_set_verify,51,49,462,446,477,fail,fail,444
_1_DiemAccount_create_child_vasp_account_verify,171,495,2296,2408,7034,fail,fail,2410
_1_DiemAccount_create_designated_dealer_verify_instantiated_0,156,795,1874,1864,4600,fail,fail,1864
_1_DiemAccount_create_validator_account_verify,81,360,1116,1121,2855,fail,fail,1115
_1_DiemConfig_publish_new_config_and_get_capability_verify_instantiated_1,52,41,228,228,555,157,120,224
_1_DiemConfig_set_verify_instantiated_3,54,40,229,227,566,159,124,225
_1_DiemAccount_create_parent_vasp_account_verify_instantiated_1,153,908,3028,3052,8488,fail,fail,3094
_1_DiemConsensusConfig_initialize_verify,47,49,439,438,463,fail,fail,432
_1_DiemConfig_publish_new_config_verify_instantiated_2,53,43,226,232,579,159,115,219
_1_DiemAccount_create_designated_dealer_verify,173,838,2355,2484,7354,fail,fail,2475
_1_DiemConfig_publish_new_config_and_get_capability_verify_instantiated_2,57,40,228,229,555,161,120,229
_1_DiemConfig_set_verify_instantiated_2,59,54,223,226,577,152,124,226
_1_DiemAccount_create_parent_vasp_account_verify_instantiated_0,135,358,2948,3070,8496,fail,fail,2933
_1_DiemConfig_publish_new_config_verify_instantiated_3,55,39,232,226,563,164,124,227
_1_DiemAccount_create_parent_vasp_account_verify,144,439,2806,2958,8200,fail,fail,2861
_1_DiemAccount_create_child_vasp_account_verify_instantiated_1,150,462,2385,2380,6905,fail,fail,2285
_1_DiemConfig_set_with_capability_and_reconfigure_verify_instantiated_1,60,46,346,338,766,unknown,210,342
_1_DiemConfig_set_verify_instantiated_1,52,40,220,218,576,159,119,217
_1_DiemTimestamp_assert_operating_verify,41,27,90,97,206,85,66,96
_1_DiemTimestamp_now_seconds_verify,41,30,114,115,214,96,66,114
_1_DiemTimestamp_is_operating_verify,43,26,94,97,200,82,59,97
_1_DiemTimestamp_now_microseconds_verify,41,30,111,112,209,91,64,110
_1_DiemTimestamp_assert_genesis_verify,41,27,98,99,204,86,64,98
_1_DiemTimestamp_set_time_has_started_verify,40,30,125,126,273,97,72,130
_1_DiemTimestamp_is_genesis_verify,41,31,97,94,198,85,64,96
_1_RecoveryAddress_rotate_authentication_key_verify,72,timeout,419,430,660,fail,fail,426
_1_VASP_publish_child_vasp_credential_verify,49,40,190,187,290,200,155,189
_1_RecoveryAddress_add_rotation_capability_verify,42,timeout,361,370,974,fail,fail,369
_1_VASP_publish_parent_vasp_credential_verify,34,30,116,113,160,114,87,114
_1_RecoveryAddress_publish_verify,41,98,168,168,274,fail,fail,164
_1_NetworkIdentity_get_verify,37,30,94,98,373,89,77,99
_1_NetworkIdentity_add_members_internal_verify,313,timeout,timeout,timeout,unknown,fail,fail,timeout
_1_NetworkIdentity_remove_identities_verify,94,not found,not found,not found,timeout,fail,fail,not found
_1_NetworkIdentity_tc_network_identity_event_handle_exists_verify,30,not found,not found,not found,124,fail,fail,not found
_1_NetworkIdentity_initialize_network_identity_verify,43,not found,not found,not found,363,fail,fail,not found
_1_NetworkIdentity_initialize_network_identity_event_handle_verify,41,not found,not found,not found,191,fail,fail,not found
_1_AccountLimits_update_window_info_verify_instantiated_0,55,48,454,462,709,244,318,464
_1_Roles_grant_role_verify,62,47,358,363,910,296,239,365
_1_AccountLimits_has_window_published_verify,38,27,109,108,186,85,61,100
_1_AccountLimits_grant_mutation_capability_verify,41,33,132,128,199,102,75,128
_1_AccountLimits_update_limits_definition_verify,61,50,376,370,677,unknown,246,371
_1_AccountLimits_update_withdrawal_limits_verify_instantiated_1,47,49,344,353,493,227,194,352
_1_AccountLimits_can_receive_and_update_window_verify_instantiated_0,57,44,257,261,531,187,159,263
_1_AccountLimits_can_withdraw_and_update_window_verify,52,46,317,314,654,179,168,311
_1_AccountLimits_can_receive_and_update_window_verify_instantiated_1,55,45,258,262,524,192,161,263
_1_AccountLimits_can_receive_and_update_window_verify,56,41,256,255,538,186,159,251
_1_AccountLimits_can_withdraw_and_update_window_verify_instantiated_0,52,40,323,325,654,177,168,321
_1_AccountLimits_update_window_info_verify,55,45,367,365,633,243,262,363
_1_AccountLimits_update_withdrawal_limits_verify_instantiated_0,55,45,346,348,612,228,189,353
_1_AccountLimits_update_deposit_limits_verify_instantiated_0,60,52,296,299,526,218,182,299
_1_AccountLimits_update_limits_definition_verify_instantiated_0,66,52,421,426,742,unknown,263,423
_1_AccountLimits_update_window_info_verify_instantiated_1,64,47,464,455,718,246,321,462
_1_AccountLimits_limits_definition_address_verify,37,26,111,109,181,82,62,110
_1_AccountLimits_update_limits_definition_verify_instantiated_1,66,55,419,417,766,unknown,273,418
_1_AccountLimits_current_time_verify,41,29,93,91,185,76,60,87
_1_AccountLimits_update_withdrawal_limits_verify,57,43,345,346,597,213,196,345
_1_AccountLimits_publish_window_verify,51,40,264,257,489,167,150,259
_1_AccountLimits_has_limits_published_verify,39,27,110,106,180,82,60,105
_1_AccountLimits_can_withdraw_and_update_window_verify_instantiated_1,47,43,320,321,634,175,168,326
_1_AccountLimits_has_limits_published_verify_instantiated_1,46,32,101,116,186,82,64,110
_1_AccountLimits_is_unrestricted_verify,41,28,112,115,195,90,70,113
_1_AccountLimits_reset_window_verify,43,32,194,195,407,133,105,196
_1_AccountLimits_update_deposit_limits_verify_instantiated_1,61,49,326,303,526,220,181,310
_1_AccountLimits_has_limits_published_verify_instantiated_0,40,25,109,107,182,84,62,107
_1_AccountLimits_publish_window_verify_instantiated_1,53,40,258,259,481,173,155,257
_1_AccountLimits_publish_window_verify_instantiated_0,51,41,261,257,491,174,156,256
_1_AccountLimits_update_deposit_limits_verify,58,44,295,301,542,213,174,290
_1_DualAttestation_assert_signature_is_valid_verify,49,34,133,130,493,116,86,131
_1_DualAttestation_dual_attestation_required_verify_instantiated_1,44,34,139,138,227,121,89,143
_1_DualAttestation_rotate_compliance_public_key_verify,70,59,534,527,6194,fail,fail,533
_1_DualAttestation_expiration_date_verify,41,30,131,127,222,101,75,131
_1_DualAttestation_compliance_public_key_verify,52,32,127,120,382,97,73,122
_1_DualAttestation_credential_address_verify,43,31,125,125,213,95,74,118
_1_DualAttestation_human_name_verify,45,32,118,116,386,97,72,120
_1_DualAttestation_initialize_verify,48,37,179,180,448,unknown,105,182
_1_DualAttestation_assert_payment_ok_verify_instantiated_0,48,37,146,146,239,138,96,140
_1_DualAttestation_dual_attestation_message_verify,41,28,118,121,208,94,67,122
_1_DualAttestation_dual_attestation_required_verify_instantiated_0,48,34,140,137,234,120,86,139
_1_DualAttestation_publish_credential_verify,46,39,224,222,533,155,124,223
_1_DualAttestation_rotate_base_url_verify,66,53,529,517,5449,fail,fail,547
_1_DualAttestation_base_url_verify,42,31,122,123,378,108,74,125
_1_DualAttestation_assert_payment_ok_verify,47,38,142,143,243,140,95,140
_1_DualAttestation_get_cur_microdiem_limit_verify,42,29,125,126,216,98,73,128
_1_DualAttestation_set_microdiem_limit_verify,50,35,187,183,353,145,103,187
_1_DualAttestation_dual_attestation_required_verify,45,31,140,140,234,119,87,136
_1_DualAttestation_assert_payment_ok_verify_instantiated_1,47,35,149,145,244,140,96,145
_1_TreasuryComplianceScripts_preburn_verify_instantiated_0,321,10565,3450,3425,5083,fail,fail,3273
_1_TreasuryComplianceScripts_update_exchange_rate_verify,70,55,timeout,timeout,timeout,unknown,timeout,timeout
_1_TreasuryComplianceScripts_burn_with_amount_verify,113,193,704,681,1416,fail,fail,702
_1_TreasuryComplianceScripts_preburn_verify,280,1067,2839,2945,4694,fail,fail,2945
_1_TreasuryComplianceScripts_burn_txn_fees_verify_instantiated_1,49,36,162,164,271,118,89,165
_1_TreasuryComplianceScripts_tiered_mint_verify,607,1296,5072,5006,8755,fail,fail,4918
_1_TreasuryComplianceScripts_update_minting_ability_verify_instantiated_0,41,36,147,143,269,112,83,146
_1_TreasuryComplianceScripts_tiered_mint_verify_instantiated_0,489,1709,6170,6145,10870,fail,fail,6335
_1_TreasuryComplianceScripts_preburn_verify_instantiated_1,328,7323,3317,3288,5111,fail,fail,3381
_1_TreasuryComplianceScripts_burn_with_amount_verify_instantiated_1,91,292,716,718,1427,fail,fail,691
_1_TreasuryComplianceScripts_burn_txn_fees_verify_instantiated_0,49,34,163,164,272,fail,fail,166
_1_TreasuryComplianceScripts_burn_with_amount_verify_instantiated_0,101,195,715,705,1428,118,90,683
_1_TreasuryComplianceScripts_tiered_mint_verify_instantiated_1,501,741,6169,6436,11413,fail,fail,6129
_1_TreasuryComplianceScripts_update_dual_attestation_limit_verify,49,39,200,203,273,fail,fail,210
_1_TreasuryComplianceScripts_add_vasp_domain_verify,95,timeout,1568,1609,1983,fail,fail,1559
_1_TreasuryComplianceScripts_cancel_burn_with_amount_verify_instantiated_1,325,380,4723,4718,8090,129,96,4522
_1_TreasuryComplianceScripts_update_minting_ability_verify,46,34,147,148,270,fail,fail,145
_1_TreasuryComplianceScripts_cancel_burn_with_amount_verify,295,546,4341,4530,8388,fail,fail,4296
_1_TreasuryComplianceScripts_cancel_burn_with_amount_verify_instantiated_0,316,503,4552,4715,7657,111,85,4781
_1_TreasuryComplianceScripts_update_minting_ability_verify_instantiated_1,48,36,146,148,264,fail,fail,148
_1_TreasuryComplianceScripts_remove_vasp_domain_verify,60,347,549,546,704,fail,fail,552
_1_TreasuryComplianceScripts_unfreeze_account_verify,49,33,163,164,271,109,86,165
_1_TreasuryComplianceScripts_burn_txn_fees_verify,45,34,167,165,268,fail,fail,164
_1_TreasuryComplianceScripts_freeze_account_verify,48,31,165,169,268,115,87,164
_1_TreasuryComplianceScripts_update_exchange_rate_verify_instantiated_1,63,not found,not found,not found,timeout,118,88,not found
_1_TreasuryComplianceScripts_update_exchange_rate_verify_instantiated_0,71,not found,not found,not found,timeout,116,89,not found
_1_ValidatorConfig_remove_operator_verify,49,59,214,208,683,fail,fail,205
_1_VASPDomain_remove_vasp_domain_verify,302,timeout,timeout,timeout,timeout,unknown,448,timeout
_1_VASPDomain_add_vasp_domain_verify,78,timeout,5692,5692,timeout,fail,fail,5911
_1_ValidatorConfig_set_config_verify,54,52,171,171,572,fail,fail,169
_1_ValidatorConfig_set_operator_verify,55,66,224,234,733,fail,fail,228
_1_DiemAccount_add_currency_verify_instantiated_0,67,not found,not found,not found,816,fail,fail,not found
_1_AccountFreezing_unfreeze_account_verify,68,50,616,614,1129,fail,fail,623
_1_DiemAccount_script_prologue_verify,185,not found,not found,not found,timeout,unknown,451,not found
_1_DiemAccount_module_prologue_verify_instantiated_0,139,not found,not found,not found,7329,fail,fail,not found
_1_DiemAccount_withdraw_capability_address_verify,49,not found,not found,not found,549,fail,fail,not found
_1_DiemAccount_balance_verify,53,not found,not found,not found,549,fail,fail,not found
_1_DiemAccount_publish_crsn_verify,58,not found,not found,not found,643,fail,fail,not found
_1_AccountFreezing_freeze_account_verify,65,53,634,645,1195,fail,fail,645
_1_DiemAccount_authentication_key_verify,54,not found,not found,not found,586,fail,fail,not found
_1_DiemAccount_pay_by_signers_verify_instantiated_1,412,not found,not found,not found,timeout,fail,fail,not found
_1_DiemAccount_extract_withdraw_capability_verify,76,not found,not found,not found,1156,unknown,708,not found
_1_DiemAccount_preburn_verify_instantiated_1,369,not found,not found,not found,timeout,fail,fail,not found
_1_DiemAccount_accepts_currency_verify_instantiated_1,52,not found,not found,not found,557,fail,fail,not found
_1_DiemAccount_cancel_burn_verify,359,not found,not found,not found,44774,159,101,not found
_1_DiemAccount_epilogue_common_verify_instantiated_0,106,not found,not found,not found,8540,fail,fail,not found
_1_DesignatedDealer_tiered_mint_verify,83,134,1178,1189,1756,fail,fail,1159
_1_AccountAdministrationScripts_add_currency_to_account_verify_instantiated_0,54,40,266,258,560,fail,fail,269
_1_DiemAccount_writeset_prologue_verify,103,not found,not found,not found,1606,fail,fail,not found
_1_AccountAdministrationScripts_create_vasp_domains_verify,51,37,183,179,326,fail,fail,182
_1_DiemAccount_sequence_number_verify,49,not found,not found,not found,592,fail,fail,not found
_1_DiemAccount_prologue_common_verify,110,not found,not found,not found,4315,fail,fail,not found
_1_DiemAccount_multi_agent_script_prologue_verify,212,not found,not found,not found,timeout,fail,fail,not found
_1_AccountAdministrationScripts_add_currency_to_account_verify,56,41,256,255,562,fail,fail,254
_1_DiemAccount_script_prologue_verify_instantiated_1,186,not found,not found,not found,timeout,fail,fail,not found
_1_DiemAccount_key_rotation_capability_address_verify,52,not found,not found,not found,563,fail,fail,not found
_1_DiemAccount_create_authentication_key_verify,52,not found,not found,not found,579,fail,fail,not found
_1_DiemAccount_balance_for_verify,51,not found,not found,not found,547,fail,fail,not found
_1_DiemAccount_deposit_verify_instantiated_0,149,not found,not found,not found,37664,unknown,697,not found
_1_DiemAccount_pay_from_verify_instantiated_0,444,not found,not found,not found,timeout,fail,fail,not found
_1_DiemAccount_preburn_verify_instantiated_0,449,not found,not found,not found,59950,fail,fail,not found
_1_DiemAccount_tiered_mint_verify,460,not found,not found,not found,timeout,fail,fail,not found
_1_DiemAccount_accepts_currency_verify,51,not found,not found,not found,551,fail,fail,not found
_1_DesignatedDealer_tiered_mint_verify_instantiated_1,96,115,1181,1169,1681,fail,fail,1201
_1_DiemAccount_withdraw_from_verify_instantiated_0,136,not found,not found,not found,17013,fail,fail,not found
_1_DiemAccount_balance_verify_instantiated_0,53,not found,not found,not found,563,fail,fail,not found
_1_DiemAccount_script_prologue_verify_instantiated_0,297,not found,not found,not found,timeout,fail,fail,not found
_1_DiemAccount_preburn_verify,502,not found,not found,not found,32598,fail,fail,not found
_1_DiemAccount_rotate_authentication_key_verify,79,not found,not found,not found,1009,unknown,162,not found
_1_DiemAccount_tiered_mint_verify_instantiated_1,655,not found,not found,not found,timeout,fail,fail,not found
_1_DiemAccount_writeset_epilogue_verify,312,not found,not found,not found,timeout,fail,fail,not found
_1_DiemAccount_epilogue_common_verify_instantiated_1,99,not found,not found,not found,7436,fail,fail,not found
_1_DiemAccount_withdraw_from_verify,128,not found,not found,not found,14635,fail,fail,not found
_1_DiemAccount_restore_withdraw_capability_verify,76,not found,not found,not found,1094,fail,fail,not found
_1_DiemAccount_pay_from_verify_instantiated_1,327,not found,not found,not found,timeout,fail,fail,not found
_1_DiemAccount_prologue_common_verify_instantiated_0,126,not found,not found,not found,4843,fail,fail,not found
_1_DiemAccount_tiered_mint_verify_instantiated_0,598,not found,not found,not found,timeout,fail,fail,not found
_1_DiemAccount_add_currencies_for_account_verify,80,not found,not found,not found,941,fail,fail,not found
_1_DiemAccount_cancel_burn_verify_instantiated_0,391,not found,not found,not found,35978,fail,fail,not found
_1_DiemAccount_accepts_currency_verify_instantiated_0,54,not found,not found,not found,549,fail,fail,not found
_1_DiemAccount_epilogue_verify_instantiated_1,82,not found,not found,not found,1111,fail,fail,not found
_1_DiemAccount_cancel_burn_verify_instantiated_1,306,not found,not found,not found,34900,fail,fail,not found
_1_DiemAccount_pay_by_signers_verify_instantiated_0,281,not found,not found,not found,timeout,fail,fail,not found
_1_DiemAccount_should_track_limits_for_account_verify,57,not found,not found,not found,599,fail,fail,not found
_1_DiemAccount_make_account_verify,89,not found,not found,not found,9162,fail,fail,not found
_1_AccountAdministrationScripts_add_currency_to_account_verify_instantiated_1,55,45,259,265,562,fail,fail,268
_1_DiemAccount_pay_from_verify,385,not found,not found,not found,timeout,fail,fail,not found
_1_DiemAccount_module_prologue_verify,132,not found,not found,not found,6585,fail,fail,not found
_1_DiemAccount_delegated_withdraw_capability_verify,53,not found,not found,not found,597,fail,fail,not found
_1_DiemAccount_exists_at_verify,51,not found,not found,not found,565,fail,fail,not found
_1_DiemAccount_add_currency_verify,56,not found,not found,not found,712,fail,fail,not found
_1_DiemAccount_initialize_verify,96,not found,not found,not found,994,fail,fail,not found
_1_DiemAccount_sequence_number_for_account_verify,50,not found,not found,not found,566,fail,fail,not found
_1_DiemAccount_add_currencies_for_account_verify_instantiated_0,79,not found,not found,not found,910,fail,fail,not found
_1_DiemAccount_extract_key_rotation_capability_verify,77,not found,not found,not found,954,unknown,714,not found
_1_DiemAccount_withdraw_from_verify_instantiated_1,140,not found,not found,not found,21404,fail,fail,not found
_1_DiemAccount_epilogue_common_verify,99,not found,not found,not found,7541,fail,fail,not found
_1_DesignatedDealer_tiered_mint_verify_instantiated_0,91,154,1169,1196,1738,fail,fail,1186
_1_DiemAccount_pay_by_signers_verify,289,not found,not found,not found,43064,fail,fail,not found
_1_DiemAccount_add_currency_verify_instantiated_1,69,not found,not found,not found,701,fail,fail,not found
_1_DiemAccount_epilogue_verify,81,not found,not found,not found,1132,fail,fail,not found
_1_DiemAccount_deposit_verify_instantiated_1,151,not found,not found,not found,26690,fail,fail,not found
_1_DiemAccount_prologue_common_verify_instantiated_1,120,not found,not found,not found,4832,fail,fail,not found
_1_DiemAccount_multi_agent_script_prologue_verify_instantiated_0,196,not found,not found,not found,timeout,fail,fail,not found
_1_DiemAccount_balance_verify_instantiated_1,55,not found,not found,not found,562,fail,fail,not found
_1_DiemAccount_multi_agent_script_prologue_verify_instantiated_1,205,not found,not found,not found,timeout,fail,fail,not found
_1_DiemAccount_delegated_key_rotation_capability_verify,54,not found,not found,not found,590,fail,fail,not found
_1_DiemAccount_withdraw_from_balance_verify_instantiated_0,72,not found,not found,not found,789,fail,fail,not found
_1_DiemAccount_restore_key_rotation_capability_verify,69,not found,not found,not found,917,fail,fail,not found
_1_DiemAccount_module_prologue_verify_instantiated_1,170,not found,not found,not found,7291,fail,fail,not found
_1_DiemAccount_withdraw_from_balance_verify,67,not found,not found,not found,769,fail,fail,not found
_1_DiemAccount_add_currencies_for_account_verify_instantiated_1,83,not found,not found,not found,911,fail,fail,not found
_1_DiemAccount_deposit_verify,151,not found,not found,not found,20427,fail,fail,not found
_1_DiemAccount_withdraw_from_balance_verify_instantiated_1,68,not found,not found,not found,799,fail,fail,not found
_1_DiemAccount_has_published_account_limits_verify,54,not found,not found,not found,582,fail,fail,not found
_1_DiemAccount_epilogue_verify_instantiated_0,86,not found,not found,not found,1119,fail,fail,not found
_1_PaymentScripts_peer_to_peer_by_signers_verify_instantiated_0,313,1979,2587,2567,4128,fail,fail,2584
_1_PaymentScripts_peer_to_peer_with_metadata_verify_instantiated_0,411,1128,2753,2727,7721,fail,fail,2679
_1_PaymentScripts_peer_to_peer_with_metadata_verify,427,1502,2940,2915,9019,fail,fail,2834
_1_PaymentScripts_peer_to_peer_by_signers_verify_instantiated_1,405,2600,2496,2503,4126,fail,fail,2524
_1_PaymentScripts_peer_to_peer_with_metadata_verify_instantiated_1,441,2551,2625,2758,7623,fail,fail,2619
_1_PaymentScripts_peer_to_peer_by_signers_verify,407,933,2675,2765,4507,fail,fail,2798
_1_Diem_burn_with_resource_cap_verify,75,66,537,540,1044,unknown,579,538
_1_Diem_update_xdx_exchange_rate_verify_instantiated_1,65,54,582,604,1068,unknown,403,593
_1_XDX_reserve_address_verify,45,33,176,181,236,114,86,181
_1_Diem_mint_with_capability_verify_instantiated_0,71,56,546,540,959,unknown,381,543
_1_Diem_mint_with_capability_verify_instantiated_1,68,56,554,537,947,unknown,376,545
_1_Diem_preburn_with_resource_verify_instantiated_0,68,55,611,600,1113,fail,454,594
_1_Diem_burn_with_resource_cap_verify_instantiated_0,75,69,550,553,1059,unknown,590,554
_1_Diem_preburn_with_resource_verify,71,54,584,584,1070,fail,456,588
_1_Diem_mint_with_capability_verify,70,60,543,549,978,unknown,383,539
_1_Diem_update_xdx_exchange_rate_verify_instantiated_0,66,51,586,582,1064,unknown,389,592
_1_Diem_register_currency_verify_instantiated_1,87,timeout,430,427,timeout,fail,fail,431
_1_Diem_register_currency_verify_instantiated_0,76,timeout,429,423,timeout,fail,fail,428
_1_XDX_is_xdx_verify_instantiated_1,47,34,193,190,622,126,95,192
_1_Diem_update_xdx_exchange_rate_verify,67,54,573,582,1057,unknown,392,588
_1_Diem_update_minting_ability_verify,58,44,298,297,588,unknown,193,294
_1_XDX_is_xdx_verify_instantiated_0,48,33,192,190,772,128,96,193
_1_XDX_initialize_verify,145,timeout,538,537,timeout,fail,fail,549
_1_Diem_update_minting_ability_verify_instantiated_0,54,44,296,295,587,unknown,195,297
_1_Diem_preburn_with_resource_verify_instantiated_1,64,54,607,597,1087,fail,467,591
_1_Diem_update_minting_ability_verify_instantiated_1,57,44,298,293,610,unknown,196,295
_1_Diem_cancel_burn_with_capability_verify_instantiated_1,95,125,697,699,1045,fail,fail,708
_1_Diem_cancel_burn_with_capability_verify_instantiated_0,89,110,690,712,1024,fail,fail,725
_1_Diem_burn_with_resource_cap_verify_instantiated_1,77,65,557,551,1043,unknown,597,553
_1_Diem_cancel_burn_with_capability_verify,84,130,692,703,1045,fail,fail,697
_1_Diem_register_currency_verify,101,timeout,425,429,timeout,fail,fail,434
_1_XDX_is_xdx_verify,47,37,189,192,786,119,97,189
_1_DiemSystem_add_validator_verify,270,timeout,timeout,timeout,timeout,fail,fail,timeout
_1_DiemSystem_validator_set_size_verify,56,not found,not found,not found,572,fail,fail,not found
_1_DiemSystem_is_validator__verify,54,not found,not found,not found,965,fail,fail,not found
_1_DiemSystem_remove_validator_verify,430,not found,not found,not found,timeout,fail,fail,not found
_1_DiemSystem_initialize_validator_set_verify,55,not found,not found,not found,4621,fail,fail,not found
_1_DiemSystem_update_ith_validator_info__verify,89,not found,not found,not found,timeout,fail,fail,not found
_1_DiemSystem_get_validator_config_verify,82,not found,not found,not found,timeout,fail,fail,not found
_1_DiemSystem_is_validator_verify,73,not found,not found,not found,timeout,fail,fail,not found
_1_DiemSystem_set_diem_system_config_verify,59,not found,not found,not found,701,fail,fail,not found
_1_DiemSystem_get_validator_index__verify,68,not found,not found,not found,3270,fail,fail,not found
_1_DiemSystem_update_config_and_reconfigure_verify,1372,not found,not found,not found,timeout,fail,fail,not found
_1_DiemSystem_get_diem_system_config_verify,56,not found,not found,not found,562,fail,fail,not found
_1_DiemSystem_get_ith_validator_address_verify,65,not found,not found,not found,610,fail,fail,not found
_1_VASPDomain_publish_vasp_domains_verify,38,32,114,115,262,fail,fail,115
_1_VASPDomain_publish_vasp_domain_manager_verify,35,29,91,88,172,86,57,87
_1_VASPDomain_has_vasp_domain_verify,37,55,104,108,260,fail,fail,105
_1_VASPDomain_create_vasp_domain_verify,34,27,68,65,236,65,47,67
_1_VASPDomain_has_vasp_domains_verify,32,24,67,62,124,fail,fail,67
_1_VASPDomain_tc_domain_manager_exists_verify,29,not found,not found,not found,78,60,44,not found
_1_ValidatorConfig_get_human_name_verify,38,26,70,75,262,70,51,73
_1_ValidatorConfig_publish_verify,46,52,137,139,357,139,95,136
_1_ValidatorConfig_get_validator_network_addresses_verify,35,27,69,71,134,62,43,69
_1_ValidatorConfig_exists_config_verify,33,25,67,67,132,63,46,69
_1_ValidatorConfig_get_config_verify,38,30,74,75,150,fail,fail,85
_1_ValidatorConfig_get_consensus_pubkey_verify,32,25,68,65,133,59,42,69
_1_ValidatorConfig_is_valid_verify,38,26,72,73,145,69,53,76
_1_ValidatorConfig_get_operator_verify,39,28,77,75,147,fail,fail,77
_1_VASP_parent_address_verify,27,26,53,53,87,64,41,55
_1_VASP_is_vasp_verify,29,23,46,50,89,49,35,46
_1_VASP_is_child_verify,28,21,44,44,78,48,34,47
_1_VASP_has_account_limits_verify,28,24,49,48,80,51,34,48
_1_VASP_is_parent_verify,28,23,44,45,80,49,36,46
_1_VASP_num_children_verify,27,23,54,52,104,57,41,56
_1_VASP_is_same_vasp_verify,29,25,54,50,87,55,39,51
_1_Diem_zero_verify,35,35,300,305,148,156,119,300
_1_Diem_burn_now_verify_instantiated_0,133,151,1236,1235,1993,fail,1144,1203
_1_Diem_approx_xdx_for_value_verify_instantiated_0,45,30,129,133,241,116,83,139
_1_Diem_burn_with_capability_verify,83,103,545,533,894,fail,fail,546
_1_Diem_xdx_exchange_rate_verify_instantiated_0,44,37,301,311,229,160,115,309
_1_Diem_cancel_burn_verify_instantiated_0,89,177,741,715,1161,fail,fail,742
_1_Diem_cancel_burn_verify_instantiated_1,84,162,736,736,1148,fail,fail,742
_1_Diem_remove_burn_capability_verify,47,37,338,342,462,171,131,327
_1_Diem_approx_xdx_for_coin_verify_instantiated_0,41,32,121,121,228,105,79,122
_1_Diem_split_verify,43,38,293,287,234,157,116,297
_1_Diem_approx_xdx_for_value_verify_instantiated_1,47,36,130,133,247,115,80,132
_1_Diem_is_currency_verify,46,35,213,213,227,129,96,210
_1_Diem_burn_now_verify_instantiated_1,136,143,1249,1264,2007,fail,1161,1250
_1_Diem_currency_code_verify_instantiated_1,45,29,129,127,453,106,76,128
_1_Diem_market_cap_verify_instantiated_0,42,30,216,218,229,133,99,216
_1_Diem_preburn_to_verify_instantiated_0,110,760,1100,1097,4337,fail,fail,1088
_1_Diem_burn_with_capability_verify_instantiated_0,82,107,554,539,923,fail,fail,546
_1_Diem_approx_xdx_for_coin_verify,45,32,123,123,231,103,77,122
_1_Diem_value_verify,43,32,120,119,230,97,70,119
_1_Diem_approx_xdx_for_value_verify,45,33,131,137,246,114,85,132
_1_Diem_is_SCS_currency_verify,45,34,214,214,228,130,96,213
_1_Diem_fractional_part_verify,42,33,210,205,226,132,95,209
_1_Diem_is_SCS_currency_verify_instantiated_0,42,34,212,206,232,133,97,209
_1_Diem_xdx_exchange_rate_verify,46,37,300,297,248,163,114,298
_1_Diem_publish_burn_capability_verify_instantiated_0,51,42,350,349,528,192,157,355
_1_Diem_burn_verify_instantiated_1,114,155,611,608,1056,fail,fail,612
_1_Diem_burn_with_capability_verify_instantiated_1,82,129,564,545,907,fail,fail,559
_1_Diem_create_preburn_verify,49,39,224,230,262,153,109,224
_1_Diem_destroy_zero_verify,42,33,251,260,459,141,105,246
_1_Diem_publish_preburn_queue_to_account_verify,54,43,330,330,378,196,145,330
_1_Diem_scaling_factor_verify,44,35,277,281,230,150,113,277
_1_Diem_assert_is_SCS_currency_verify_instantiated_0,46,32,125,124,242,109,79,128
_1_Diem_fractional_part_verify_instantiated_0,46,33,212,211,231,130,94,212
_1_Diem_approx_xdx_for_coin_verify_instantiated_1,42,31,125,125,237,105,78,122
_1_Diem_assert_is_SCS_currency_verify_instantiated_1,45,28,128,129,228,111,80,129
_1_Diem_assert_is_currency_verify,44,32,132,126,236,104,77,129
_1_Diem_add_preburn_to_queue_verify,57,unknown,636,621,793,fail,fail,637
_1_Diem_preburn_value_verify,45,32,244,238,229,142,104,244
_1_Diem_is_synthetic_currency_verify,44,31,214,210,227,131,96,209
_1_Diem_upgrade_preburn_verify,59,65,524,524,820,fail,fail,533
_1_Diem_preburn_value_verify_instantiated_1,43,40,244,246,225,142,105,248
_1_Diem_scaling_factor_verify_instantiated_1,41,34,280,282,227,155,105,274
_1_Diem_register_SCS_currency_verify_instantiated_0,98,timeout,814,811,timeout,fail,fail,809
_1_Diem_burn_verify,100,159,583,580,1054,fail,fail,583
_1_Diem_preburn_to_verify,120,830,1097,1099,17723,fail,fail,1104
_1_Diem_assert_is_SCS_currency_verify,44,30,126,125,231,108,76,124
_1_Diem_withdraw_verify,45,38,307,309,241,168,122,306
_1_Diem_xdx_exchange_rate_verify_instantiated_1,44,35,297,302,238,162,117,294
_1_Diem_scaling_factor_verify_instantiated_0,45,32,280,281,226,150,109,281
_1_Diem_currency_code_verify_instantiated_0,47,32,125,123,453,104,76,123
_1_Diem_market_cap_verify,44,31,209,213,230,133,96,216
_1_Diem_preburn_value_verify_instantiated_0,45,32,242,244,231,144,105,249
_1_Diem_publish_burn_capability_verify,51,39,358,345,527,195,159,354
_1_Diem_publish_preburn_queue_verify,50,46,381,379,570,fail,fail,377
_1_Diem_upgrade_preburn_verify_instantiated_0,59,65,535,531,806,fail,fail,533
_1_Diem_market_cap_verify_instantiated_1,42,35,218,211,226,133,99,213
_1_Diem_currency_code_verify,45,32,125,127,449,105,80,123
_1_Diem_upgrade_preburn_verify_instantiated_1,60,66,543,550,804,fail,fail,534
_1_Diem_initialize_verify,49,39,147,149,426,143,105,152
_1_Diem_create_preburn_verify_instantiated_1,49,38,226,230,256,153,110,225
_1_Diem_publish_burn_capability_verify_instantiated_1,52,40,356,358,522,195,160,354
_1_Diem_mint_verify_instantiated_1,47,38,284,278,509,181,149,288
_1_Diem_register_SCS_currency_verify_instantiated_1,95,timeout,809,821,timeout,fail,fail,828
_1_Diem_fractional_part_verify_instantiated_1,46,34,210,212,226,132,98,213
_1_Diem_create_preburn_verify_instantiated_0,50,37,229,229,260,149,112,227
_1_Diem_is_SCS_currency_verify_instantiated_1,45,31,215,213,229,137,99,210
_1_Diem_deposit_verify,45,36,270,267,462,154,119,263
_1_Diem_join_verify,48,35,219,217,238,133,100,211
_1_Diem_burn_verify_instantiated_0,87,220,596,601,1070,fail,fail,598
_1_Diem_mint_verify,48,40,286,283,508,182,149,292
_1_Diem_mint_verify_instantiated_0,50,40,283,290,504,181,152,293
_1_Diem_register_SCS_currency_verify,92,timeout,819,806,timeout,fail,fail,805
_1_Diem_burn_now_verify,193,131,1228,1208,2077,fail,1140,1227
_1_Diem_withdraw_all_verify,45,39,307,299,230,160,116,304
_1_Diem_cancel_burn_verify,87,176,725,744,1124,fail,fail,741
_1_Diem_preburn_to_verify_instantiated_1,109,1054,1094,1069,14869,fail,fail,1102
_1_Diem_remove_preburn_from_queue_verify,59,unknown,unknown,unknown,1196,fail,fail,unknown
_1_AccountCreationScripts_create_designated_dealer_verify_instantiated_0,176,237,1694,1684,2243,fail,fail,1646
_1_AccountCreationScripts_create_validator_account_verify,94,104,1026,1055,1467,fail,fail,1010
_1_AccountCreationScripts_create_parent_vasp_account_verify,149,178,2316,2416,3145,fail,fail,2446
_1_AccountCreationScripts_create_child_vasp_account_verify,201,923,1484,1460,1889,fail,fail,1464
_1_AccountCreationScripts_create_validator_operator_account_verify,74,129,1027,997,1213,fail,fail,1028
_1_AccountCreationScripts_create_designated_dealer_verify_instantiated_1,151,243,1864,1852,2467,fail,fail,1863
_1_AccountCreationScripts_create_designated_dealer_verify,188,299,1978,1987,2708,fail,fail,1896
_1_AccountCreationScripts_create_parent_vasp_account_verify_instantiated_0,170,307,2443,2403,3048,fail,fail,2405
_1_AccountCreationScripts_create_parent_vasp_account_verify_instantiated_1,134,176,2408,2403,3055,fail,fail,2404
_1_AccountCreationScripts_create_child_vasp_account_verify_instantiated_1,203,738,1425,1411,1850,fail,fail,1398
_1_AccountCreationScripts_create_child_vasp_account_verify_instantiated_0,188,843,1422,1382,1822,fail,fail,1434
_1_AccountFreezing_initialize_verify,53,35,155,159,365,124,95,171
_1_AccountFreezing_account_is_frozen_verify,49,34,127,132,274,110,82,133
_1_AccountFreezing_assert_not_frozen_verify,48,35,137,133,269,107,80,127
_1_AccountFreezing_create_verify,50,36,162,164,404,119,92,166
_1_RegisteredCurrencies_add_currency_code_verify,89,timeout,unknown,unknown,timeout,fail,fail,unknown
_1_RegisteredCurrencies_initialize_verify,50,37,195,205,466,fail,fail,202
_1_ChainId_initialize_verify,43,30,139,136,275,108,83,138
_1_ChainId_get_verify,40,30,93,98,201,87,63,99
_1_SlidingNonce_record_nonce_or_abort_verify,43,28,115,115,213,95,69,115
_1_SlidingNonce_publish_verify,43,31,129,127,263,95,71,126
_1_DiemBlock_block_prologue_verify,61,62,395,392,761,fail,210,392
_1_DiemBlock_is_initialized_verify,41,28,100,97,199,83,65,98
_1_DiemBlock_get_current_block_height_verify,38,29,99,98,196,86,65,98
_1_DiemBlock_initialize_block_metadata_verify,44,31,140,142,277,111,84,140
_1_DiemTransactionPublishingOption_initialize_verify,50,35,206,210,483,fail,fail,205
_1_DiemTransactionPublishingOption_set_open_script_verify,53,38,222,227,493,fail,fail,219
_1_DiemTransactionPublishingOption_transactions_halted_verify,40,31,107,108,387,88,68,110
_1_DiemTransactionPublishingOption_is_module_allowed_verify,45,33,124,131,446,115,83,129
_1_DiemTransactionPublishingOption_is_script_allowed_verify,49,35,139,139,456,127,87,142
_1_DiemTransactionPublishingOption_halt_all_transactions_verify,42,27,118,117,432,100,73,117
_1_DiemTransactionPublishingOption_set_open_module_verify,49,38,222,222,484,fail,fail,220
_1_DiemTransactionPublishingOption_resume_transactions_verify,43,26,124,123,436,100,73,125
_1_Authenticator_ed25519_authentication_key_verify,23,20,30,29,44,37,24,24
_1_Authenticator_multi_ed25519_authentication_key_verify,21,timeout,44,42,57,fail,fail,44
_1_Authenticator_public_keys_verify,25,20,26,29,44,33,21,30
_1_Authenticator_create_multi_ed25519_verify,23,20,27,26,35,35,23,27
_1_Authenticator_threshold_verify,26,18,24,25,43,35,20,27
_1_Genesis_create_initialize_owners_operators_verify,33,29,97,93,204,82,65,95
_1_Genesis_initialize_verify,42,29,92,96,202,84,64,99
_1_CRSN_has_crsn_verify,24,19,34,31,44,34,21,32
_1_CRSN_force_expire_verify,22,15,29,33,45,28,22,30
_1_CRSN_publish_verify,28,26,49,58,73,70,46,61
_1_CRSN_check_verify,28,26,70,75,101,fail,fail,76
_1_CRSN_record_verify,25,20,33,30,46,35,25,31
_1_CRSN_shift_window_right_verify,19,18,33,32,33,38,22,30
_1_DesignatedDealer_add_currency_for_test_verify_instantiated_1,40,27,85,82,175,75,57,79
_1_DesignatedDealer_add_currency_for_test_verify_instantiated_0,40,29,83,82,182,75,57,81
_1_DesignatedDealer_exists_at_verify,40,27,87,87,185,78,52,86
_1_DesignatedDealer_add_currency_for_test_verify,41,28,90,95,182,76,56,86
_1_DesignatedDealer_publish_designated_dealer_credential_verify,52,40,155,153,339,139,100,156
_1_DesignatedDealer_add_currency_verify,49,38,112,113,215,112,80,115
_1_XUS_initialize_verify,134,timeout,555,552,timeout,fail,fail,560
_1_DiemConfig_reconfiguration_enabled_verify,43,33,141,141,207,99,71,138
_1_DiemConfig_get_verify_instantiated_3,42,28,139,137,386,268,206,132
_1_DiemConfig_initialize_verify,41,32,163,161,303,103,75,164
_1_DiemConfig_get_verify_instantiated_1,45,28,132,133,402,123,91,132
_1_DiemConfig_get_verify_instantiated_4,45,34,132,133,393,102,73,132
_1_DiemConfig_reconfigure_verify,58,44,353,359,650,288,212,353
_1_DiemConfig_enable_reconfiguration_verify,42,28,125,124,206,101,79,125
_1_DiemConfig_get_verify_instantiated_5,42,26,136,145,219,unknown,259,132
_1_DiemConfig_disable_reconfiguration_verify,42,30,123,125,211,91,70,126
_1_DiemConfig_emit_genesis_reconfiguration_event_verify,48,33,311,305,617,103,77,308
_1_DiemConfig_get_verify,44,29,129,132,218,94,67,124
_1_DiemConfig_get_verify_instantiated_0,44,32,139,130,419,unknown,164,136
_1_DiemConfig_get_verify_instantiated_2,45,33,133,134,400,100,76,134
_1_DiemConfig_reconfigure__verify,59,50,377,377,592,270,208,374
_1_DiemVersion_initialize_verify,56,47,457,459,614,106,74,453
_1_DiemVersion_set_verify,58,52,461,468,610,102,78,459
_1_DiemVMConfig_initialize_verify,61,53,455,459,646,454,369,459
_1_DiemVMConfig_set_gas_constants_verify,77,78,613,602,2587,unknown,220,608
_1_SystemAdministrationScripts_initialize_diem_consensus_config_verify,39,26,87,90,186,74,58,91
_1_SystemAdministrationScripts_update_diem_version_verify,30,25,92,90,121,74,57,87
_1_SystemAdministrationScripts_set_gas_constants_verify,40,26,88,84,187,79,57,91
_1_SystemAdministrationScripts_update_diem_consensus_config_verify,38,26,90,87,183,77,59,90
_1_ValidatorOperatorConfig_publish_verify,26,29,86,83,125,90,75,88
_1_ValidatorOperatorConfig_has_validator_operator_config_verify,25,21,40,44,69,40,30,41
_1_ValidatorOperatorConfig_get_human_name_verify,29,23,46,49,112,49,35,45
_1_Roles_has_designated_dealer_role_verify,43,32,152,153,289,125,95,150
_1_Roles_new_child_vasp_role_verify,53,40,230,227,542,153,128,226
_1_Roles_can_hold_balance_verify,46,31,157,154,294,145,100,158
_1_Roles_grant_diem_root_role_verify,57,41,222,216,537,158,131,219
_1_Roles_grant_treasury_compliance_role_verify,57,43,236,235,552,168,138,230
_1_Roles_new_validator_operator_role_verify,57,41,234,233,544,159,131,230
_1_Roles_new_designated_dealer_role_verify,56,43,232,231,531,159,129,229
_1_Roles_assert_validator_operator_verify,49,35,151,146,291,126,105,148
_1_Roles_assert_parent_vasp_or_designated_dealer_verify,51,38,151,147,291,120,95,150
_1_Roles_assert_treasury_compliance_verify,50,39,142,146,292,131,95,147
_1_Roles_has_parent_VASP_role_verify,51,35,158,156,287,129,94,156
_1_Roles_assert_validator_verify,50,32,149,151,291,126,93,148
_1_Roles_assert_child_vasp_role_verify,49,39,144,144,290,126,95,144
_1_Roles_assert_parent_vasp_role_verify,46,36,145,146,287,128,95,150
_1_Roles_assert_designated_dealer_verify,50,35,146,146,288,124,95,146
_1_Roles_has_validator_operator_role_verify,50,32,162,163,298,135,95,161
_1_Roles_new_validator_role_verify,57,44,236,236,546,164,131,231
_1_Roles_new_parent_vasp_role_verify,55,41,231,226,534,164,126,231
_1_Roles_assert_diem_root_verify,52,34,146,148,289,131,95,145
_1_Roles_has_treasury_compliance_role_verify,50,36,163,159,291,134,97,162
_1_Roles_has_validator_role_verify,48,34,159,160,294,134,99,160
_1_Roles_assert_parent_vasp_or_child_vasp_verify,52,32,152,153,294,133,100,149
_1_Roles_has_child_VASP_role_verify,47,35,152,152,287,126,96,148
_1_Roles_get_role_id_verify,48,44,144,143,285,121,91,146
_1_Roles_has_role_verify,50,32,155,153,281,126,90,156
_1_Roles_has_diem_root_role_verify,50,34,157,155,291,131,100,157
_1_CoreAddresses_assert_treasury_compliance_verify,21,18,26,26,33,31,21,23
_1_CoreAddresses_assert_vm_verify,17,18,25,22,28,31,21,27
_1_CoreAddresses_assert_currency_info_verify,23,17,26,19,36,32,21,22
_1_CoreAddresses_assert_diem_root_verify,23,10,25,23,39,35,18,25
_1_SharedEd25519PublicKey_rotate_key_verify,39,38,91,88,189,87,72,90
_1_SharedEd25519PublicKey_publish_verify,46,58,115,120,230,fail,fail,116
_1_SharedEd25519PublicKey_rotate_key__verify,29,34,72,73,135,75,57,71
_1_SharedEd25519PublicKey_exists_at_verify,28,23,48,49,95,48,32,47
_1_SharedEd25519PublicKey_key_verify,26,22,46,45,78,46,32,49
_1_ValidatorAdministrationScripts_add_validator_and_reconfigure_verify,157,7749,1296,1317,timeout,fail,fail,1350
_1_ValidatorAdministrationScripts_register_validator_config_verify,44,33,120,122,210,fail,fail,124
_1_ValidatorAdministrationScripts_remove_validator_and_reconfigure_verify,243,unknown,timeout,timeout,timeout,fail,fail,timeout
_1_ValidatorAdministrationScripts_set_validator_config_and_reconfigure_verify,267,not found,not found,not found,timeout,fail,fail,not found
_1_ValidatorAdministrationScripts_set_validator_operator_verify,57,not found,not found,not found,890,fail,fail,not found
_1_ValidatorAdministrationScripts_set_validator_operator_with_nonce_admin_verify,46,not found,not found,not found,789,fail,fail,not found
_1_DiemId_tc_domain_manager_exists_verify,34,26,64,64,138,59,41,60
_1_DiemId_has_diem_id_domain_verify,36,60,116,120,285,fail,fail,116
_1_DiemId_remove_diem_id_domain_verify,895,timeout,timeout,timeout,timeout,fail,fail,timeout
_1_DiemId_publish_diem_id_domain_manager_verify,42,29,105,106,191,93,64,106
_1_DiemId_publish_diem_id_domains_verify,40,34,132,139,319,fail,fail,131
_1_DiemId_create_diem_id_domain_verify,34,26,74,71,260,70,49,70
_1_DiemId_has_diem_id_domains_verify,36,25,70,71,136,63,47,69
_1_DiemId_add_diem_id_domain_verify,82,timeout,5211,5032,timeout,fail,fail,5181
_1_AccountAdministrationScripts_publish_shared_ed25519_public_key_verify,59,66,260,255,558,fail,fail,253
_1_AccountAdministrationScripts_add_recovery_rotation_capability_verify,53,232,279,270,715,fail,fail,264
_1_AccountAdministrationScripts_rotate_authentication_key_with_recovery_address_verify,69,timeout,574,567,1256,fail,fail,575
_1_AccountAdministrationScripts_rotate_shared_ed25519_public_key_verify,44,50,228,230,369,158,131,228
_1_AccountAdministrationScripts_force_expire_verify,44,29,112,110,225,87,67,113
_1_AccountAdministrationScripts_rotate_authentication_key_verify,55,59,231,231,540,fail,fail,225
_1_AccountAdministrationScripts_create_recovery_address_verify,51,59,237,244,421,fail,fail,245
_1_AccountAdministrationScripts_rotate_dual_attestation_info_verify,98,110,1046,1060,13145,unknown,711,1053
_1_AccountAdministrationScripts_rotate_authentication_key_with_nonce_verify,64,67,294,289,572,fail,fail,291
_1_AccountAdministrationScripts_opt_in_to_crsn_verify,50,36,181,180,265,139,99,187
_1_AccountAdministrationScripts_rotate_authentication_key_with_nonce_admin_verify,57,81,292,297,588,fail,fail,294