Benchmark,z3,cvc4,cvc5,andy_default,andy_strings-exp,seqArray
modules,not found,not found,not found,not found,not found,not found
TransactionFee,2,fail,2,14,13,3
DiemConsensusConfig,1,2,2,3,3,1
DiemTimestamp,2,1,1,2,3,1
RecoveryAddress,timeout,fail,fail,fail,timeout,timeout
NetworkIdentity,not found,not found,not found,not found,not found,2
Signature,1,1,0,0,1,1
AccountLimits,2,fail,1,13,13,6
DualAttestation,2,fail,2,17,16,3
TreasuryComplianceScripts,timeout,fail,fail,fail,timeout,timeout
DiemAccount,timeout,fail,fail,timeout,timeout,timeout
PaymentScripts,1,1,1,2,2,20
XDX,timeout,fail,fail,fail,10,2
DiemSystem,timeout,fail,fail,fail,timeout,timeout
VASPDomain,not found,not found,not found,fail,timeout,timeout
ValidatorConfig,1,fail,fail,fail,12,3
VASP,2,2,2,6,6,2
Diem,timeout,fail,fail,fail,timeout,timeout
AccountCreationScripts,2,fail,fail,fail,timeout,timeout
AccountFreezing,2,fail,2,10,9,2
RegisteredCurrencies,timeout,fail,fail,fail,5,1
ChainId,1,1,1,3,3,1
SlidingNonce,0,0,1,1,1,0
DiemBlock,1,fail,1,5,6,1
DiemTransactionPublishingOption,1,1,2,5,4,2
Authenticator,timeout,1,1,1,1,0
Genesis,1,2,1,2,2,2
DesignatedDealer,2,2,1,5,5,4
XUS,timeout,fail,fail,fail,9,2
DiemConfig,2,fail,2,9,8,2
SystemAdministrationScripts,2,2,1,2,2,2
DiemVersion,1,2,1,4,4,1
ValidatorOperatorConfig,1,1,1,3,3,2
Roles,2,3,3,19,19,3
DiemVMConfig,1,1,2,5,6,2
CoreAddresses,0,1,1,1,1,0
SharedEd25519PublicKey,1,fail,fail,fail,6,1
ValidatorAdministrationScripts,timeout,fail,fail,fail,timeout,fail
DiemId,timeout,fail,fail,fail,timeout,timeout
AccountAdministrationScripts,4,fail,fail,fail,timeout,fail
